Assay ID - IEDB IRI,Epitope - Name,Assay - Qualitative Measure
http://www.iedb.org/assay/1286805,IHIGPGRAFYTT,Positive
http://www.iedb.org/assay/1327258,IHIGPGRAFYTT,Positive
http://www.iedb.org/assay/1327259,IHIGPGRAFYTT,Positive
http://www.iedb.org/assay/1353170,GCSGKLICT,Positive
http://www.iedb.org/assay/1353172,CTTAVPWN,Positive
http://www.iedb.org/assay/1354049,NCTRPNNNTRKSIRIQRGPGRAFVTIGKIGNMRQAHCN,Positive
http://www.iedb.org/assay/1354050,NCTRPNNNTRKSIRIQRGPGRAFVTIGKIGNMRQAHCN,Positive
http://www.iedb.org/assay/1355976,GCSGKLICT,Positive
http://www.iedb.org/assay/1356001,CTTAVPWN,Positive
http://www.iedb.org/assay/1470479,ELDKWA,Positive
http://www.iedb.org/assay/1492572,RQSTPIGLGQALYTT,Positive
http://www.iedb.org/assay/1492710,RKSITKGPGRVIYAT,Positive
http://www.iedb.org/assay/1509561,NYNKRKRIHIGPGRAFYTTKNII,Positive
http://www.iedb.org/assay/1510672,NYNKRKRIHIGPGRAFYTTKNII,Negative
http://www.iedb.org/assay/1585561,YLKDQQLLGIWGCSGKL,Positive
http://www.iedb.org/assay/1596879,GPGR,Positive
http://www.iedb.org/assay/1596880,GPGR,Positive
http://www.iedb.org/assay/1596994,GPGR,Positive
http://www.iedb.org/assay/1662577,GIKQLQARVLAVERY,Negative
http://www.iedb.org/assay/1662578,GIKQLQARVLAVERY,Positive-High
http://www.iedb.org/assay/1699819,CERPQIDIQEMRIGPMAWYSMGIGGTAGNSSRA,Positive
http://www.iedb.org/assay/1699824,CNRPGRGIKQIGPMSVYSGSLADLGGNNWSRI,Positive
http://www.iedb.org/assay/1699845,CNRPGRGIKQIGPMSVYSGSLADLGGNNWSRI,Positive
http://www.iedb.org/assay/1700798,TWNDTYGSNN,Positive
http://www.iedb.org/assay/1802922,RIQRGSGRAFVTIGK,Positive
http://www.iedb.org/assay/1802928,RIQRGSGRAFVTIGK,Positive
http://www.iedb.org/assay/1809204,ILKEPVHGV,Positive
http://www.iedb.org/assay/1809205,ILKEPVHGV,Positive
http://www.iedb.org/assay/1809206,ILKEPVHGV,Positive
http://www.iedb.org/assay/1834467,GPKEPFRDYVDRFYK,Negative
http://www.iedb.org/assay/1835377,KGVRIGPGQA,Positive
http://www.iedb.org/assay/1835383,RKRIHIGPGRAFYTT,Positive
http://www.iedb.org/assay/1835398,KGVRIGPGQA,Positive
http://www.iedb.org/assay/1835399,KGVRIGPGQA,Positive
http://www.iedb.org/assay/1835401,RKRIHIGPGRAFYTT,Positive
http://www.iedb.org/assay/1835560,WNWFDITN,Positive
http://www.iedb.org/assay/1835561,WNWFDITN,Positive
http://www.iedb.org/assay/1835562,WNWFDITN,Positive
http://www.iedb.org/assay/1835563,WNWFDITN,Positive
http://www.iedb.org/assay/1835619,WNWFDITNW,Positive
http://www.iedb.org/assay/1835627,RKRIHIGPGRAFYTT,Positive
http://www.iedb.org/assay/1835628,KSIHLGPGRAFYA,Positive
http://www.iedb.org/assay/1835630,NNTRKSIHLGPGRAFYATGDIIG,Positive
http://www.iedb.org/assay/1835631,KRKRIHIGPGRAFYTTKN,Positive
http://www.iedb.org/assay/1835633,NNTRKSIHLGPGRAFYATGDIIG,Positive-Low
http://www.iedb.org/assay/1835634,NNTRKSIHLGPGRAFYATGDIIG,Positive
http://www.iedb.org/assay/1835635,KRKRIHIGPGRAFYTTKN,Positive
http://www.iedb.org/assay/1835636,KRKRIHIGPGRAFYTTKN,Positive
http://www.iedb.org/assay/1835860,LELDKWASL,Positive
http://www.iedb.org/assay/1835864,LELDKWASL,Positive
http://www.iedb.org/assay/1837745,NPPIPVGEI,Positive
http://www.iedb.org/assay/1837746,DARAYDTEV,Positive
http://www.iedb.org/assay/1837753,EPIVGAETF,Positive
http://www.iedb.org/assay/1837754,DPEIVMHSF,Positive
http://www.iedb.org/assay/1837755,NPEIVIYQY,Positive
http://www.iedb.org/assay/1837756,SPAIFQSSM,Positive
http://www.iedb.org/assay/1838720,LELDKWAS,Positive
http://www.iedb.org/assay/1838722,LELDKWAS,Positive
http://www.iedb.org/assay/1838723,LELDKWAS,Positive
http://www.iedb.org/assay/1838724,LELDKWAS,Positive
http://www.iedb.org/assay/1838725,LELDKWAS,Positive
http://www.iedb.org/assay/1838726,LELDKWAS,Positive
http://www.iedb.org/assay/1838727,LELDKWAS,Positive
http://www.iedb.org/assay/1838975,ELDKWAS,Positive
http://www.iedb.org/assay/1838979,ALDKWAS,Positive
http://www.iedb.org/assay/1838980,ELEKWAS,Positive
http://www.iedb.org/assay/1838981,ELDHWAS,Positive
http://www.iedb.org/assay/1838982,ALDKWQN,Positive
http://www.iedb.org/assay/1838983,ALDKWD,Positive
http://www.iedb.org/assay/1838984,ELDKWNSL,Positive
http://www.iedb.org/assay/1838985,ELDKWKSL,Positive
http://www.iedb.org/assay/1838986,ELDKWAN,Positive
http://www.iedb.org/assay/1838987,ELDKWAG,Positive
http://www.iedb.org/assay/1839002,ELDKWAS,Positive
http://www.iedb.org/assay/1839010,ELDKWAS,Positive
http://www.iedb.org/assay/1839011,ELDKWAS,Positive
http://www.iedb.org/assay/1839012,ELDKWAS,Positive
http://www.iedb.org/assay/1839014,ELDKWAS,Positive
http://www.iedb.org/assay/1839015,ELDKWAS,Positive
http://www.iedb.org/assay/1839016,ELDKWAS,Positive
http://www.iedb.org/assay/1839017,ELDKWAS,Positive
http://www.iedb.org/assay/1839018,ELDKWAS,Positive
http://www.iedb.org/assay/1839019,ELDKWAS,Positive
http://www.iedb.org/assay/1839020,ELDKWAS,Positive
http://www.iedb.org/assay/1841674,NPPIPVGEI,Positive
http://www.iedb.org/assay/1841675,NPPIPVGEI,Positive
http://www.iedb.org/assay/1841677,DARAYDTEV,Positive
http://www.iedb.org/assay/1841678,DARAYDTEV,Positive
http://www.iedb.org/assay/1841698,EPIVGAETF,Positive
http://www.iedb.org/assay/1841699,EPIVGAETF,Positive
http://www.iedb.org/assay/1841701,DPEIVMHSF,Positive
http://www.iedb.org/assay/1841702,DPEIVMHSF,Positive
http://www.iedb.org/assay/1841704,NPEIVIYQY,Positive
http://www.iedb.org/assay/1841705,NPEIVIYQY,Positive
http://www.iedb.org/assay/1841707,SPAIFQSSM,Positive
http://www.iedb.org/assay/1841708,SPAIFQSSM,Positive
http://www.iedb.org/assay/1841712,WNWFDITNW,Positive
http://www.iedb.org/assay/1841713,NNTKKSIKIRPRQAFYATNGIIG,Positive
http://www.iedb.org/assay/1841714,NNTKKSIKIRPRQAFYATNGIIG,Positive
http://www.iedb.org/assay/1842035,KRIHIGPGRAFYTT,Positive
http://www.iedb.org/assay/1842040,ELDKWAS,Positive
http://www.iedb.org/assay/1842041,ELDKWAS,Positive
http://www.iedb.org/assay/1842042,ELDKWAS,Positive
http://www.iedb.org/assay/1845136,NWFDISKWLWYI,Positive
http://www.iedb.org/assay/1845139,NWFDISKWLWYI,Positive
http://www.iedb.org/assay/1845140,NWFDISKWLWYI,Positive
http://www.iedb.org/assay/1845141,NWFDISKWLWYI,Positive
http://www.iedb.org/assay/1845142,NWFDISKWLWYI,Positive
http://www.iedb.org/assay/1845221,MSLPGRWKPK,Positive
http://www.iedb.org/assay/1845222,MSLPGRWKPK,Positive
http://www.iedb.org/assay/1845223,KSITIGPGRA,Positive
http://www.iedb.org/assay/1845224,KSITIGPGRA,Positive
http://www.iedb.org/assay/1845225,KSITIGPGRA,Positive
http://www.iedb.org/assay/1845226,KSITIGPGRA,Positive
http://www.iedb.org/assay/1845236,NWFDISKWLWYI,Positive
http://www.iedb.org/assay/1845239,NWFDISKWLWYI,Positive
http://www.iedb.org/assay/1845240,NWFDISKWLWYI,Positive
http://www.iedb.org/assay/1853971,LLELDKWASLW,Positive
http://www.iedb.org/assay/1853972,EKNEQELLELDKWASLW,Positive
http://www.iedb.org/assay/1864288,PNNNTRKSIRIQRGPGRAFVTIGKIGNMRQAHC,Positive
http://www.iedb.org/assay/1864810,PNNNTRKSIRIQRGPGRAFVTIGKIGNMRQAHC,Positive
http://www.iedb.org/assay/1864811,PNNNTRKSIRIQRGPGRAFVTIGKIGNMRQAHC,Positive
http://www.iedb.org/assay/1884115,NWFDIT,Positive
http://www.iedb.org/assay/1884117,NWFDIT,Positive
http://www.iedb.org/assay/1910913,HIGPGRAFYT,Positive
http://www.iedb.org/assay/1911159,RKSIRIQRGPGRAFVTIG,Positive
http://www.iedb.org/assay/1911165,NWFDITNWLWYIK,Positive
http://www.iedb.org/assay/1911167,NWFDITNWLWYIK,Positive
http://www.iedb.org/assay/1911169,NWFDITNWLWYIK,Positive
http://www.iedb.org/assay/1911170,NWFDITNWLWYIK,Positive
http://www.iedb.org/assay/1911171,NWFDITNWLWYIK,Positive
http://www.iedb.org/assay/1911172,NWFDITNWLWYIK,Positive
http://www.iedb.org/assay/1911173,NWFDITNWLWYIK,Positive
http://www.iedb.org/assay/1911174,NWFDITNWLWYIK,Positive
http://www.iedb.org/assay/1911175,NWFDITNWLWYIK,Positive
http://www.iedb.org/assay/1911176,NWFDITNWLWYIK,Positive
http://www.iedb.org/assay/1911177,NWFDITNWLWYIK,Positive
http://www.iedb.org/assay/1911178,NWFDITNWLWYIK,Positive
http://www.iedb.org/assay/1915588,KRIHIGPGRAFYTT,Positive
http://www.iedb.org/assay/1917087,KRIHIGPGRA,Positive
http://www.iedb.org/assay/1922183,PKLEPWKHP,Positive
http://www.iedb.org/assay/1922184,PKLEPWKHP,Positive
http://www.iedb.org/assay/1922185,PKLEPWKHP,Positive
http://www.iedb.org/assay/1922186,PKLEPWKHP,Positive
http://www.iedb.org/assay/1922187,PKLEPWKHP,Positive
http://www.iedb.org/assay/1922214,TKKGIAIGPGRTLY,Positive
http://www.iedb.org/assay/1922216,TRKSIHLGPGRAFY,Positive
http://www.iedb.org/assay/1922217,RKRIRVGPGQTVY,Positive
http://www.iedb.org/assay/1922218,TRKSIRIGPGQAFY,Positive
http://www.iedb.org/assay/1922221,KRKRIHIGPGRAFYTTK,Positive
http://www.iedb.org/assay/1922222,KRKRIHIGPGRAFYTTK,Positive
http://www.iedb.org/assay/1922223,KRKRIHIGPGRAFYTTK,Positive
http://www.iedb.org/assay/1922225,TRKGIHIGPGRAFYATGQITGD,Positive
http://www.iedb.org/assay/1922227,SIKIRPRQAFYA,Positive
http://www.iedb.org/assay/1922230,LLELDKWA,Positive
http://www.iedb.org/assay/1922413,LLELDKWA,Positive
http://www.iedb.org/assay/1922414,LLELDKWA,Positive
http://www.iedb.org/assay/1922415,LLELDKWA,Positive
http://www.iedb.org/assay/1922416,LLELDKWA,Positive
http://www.iedb.org/assay/1922417,LLELDKWA,Positive
http://www.iedb.org/assay/1922418,LLELDKWA,Positive
http://www.iedb.org/assay/1922419,LLELDKWA,Positive
http://www.iedb.org/assay/1922423,LLELDKWA,Positive
http://www.iedb.org/assay/1922425,LLELDKWA,Positive
http://www.iedb.org/assay/1922426,LLELDKWA,Positive
http://www.iedb.org/assay/1922427,LLELDKWA,Positive
http://www.iedb.org/assay/1922428,LLELDKWA,Positive
http://www.iedb.org/assay/1922429,LLELDKWA,Positive
http://www.iedb.org/assay/1922430,LLELDKWA,Positive
http://www.iedb.org/assay/1927718,NWFDITNWLWYIR,Negative
http://www.iedb.org/assay/1927720,NWFDITNWLWYIR,Positive
http://www.iedb.org/assay/1927721,NWFDITNWLWYIR,Positive
http://www.iedb.org/assay/1927722,NWFDITNWLWYIR,Positive
http://www.iedb.org/assay/1936449,LVCASRELERFAVNPGLLE,Positive
http://www.iedb.org/assay/1936453,LVCASRELERFAVNPGLLE,Positive
http://www.iedb.org/assay/1966368,NEQELLELDKWASLWNWFDITNWLWYIR,Positive
http://www.iedb.org/assay/1966373,NEQELLELDKWASLWNWFDITNWLWYIR,Positive
http://www.iedb.org/assay/1966374,NEQELLELDKWASLWNWFDITNWLWYIR,Positive
http://www.iedb.org/assay/1966375,NEQELLELDKWASLWNWFDITNWLWYIR,Positive
http://www.iedb.org/assay/1966376,NEQELLELDKWASLWNWFDITNWLWYIR,Positive
http://www.iedb.org/assay/1966377,NEQELLELDKWASLWNWFDITNWLWYIR,Positive
http://www.iedb.org/assay/1966378,NEQELLELDKWASLWNWFDITNWLWYIR,Positive
http://www.iedb.org/assay/1966379,NEQELLELDKWASLWNWFDITNWLWYIR,Positive
http://www.iedb.org/assay/1966380,NEQELLELDKWASLWNWFDITNWLWYIR,Positive
http://www.iedb.org/assay/1966381,NEQELLELDKWASLWNWFDITNWLWYIR,Positive
http://www.iedb.org/assay/1966382,NEQELLELDKWASLWNWFDITNWLWYIR,Positive
http://www.iedb.org/assay/1966383,NEQELLELDKWASLWNWFDITNWLWYIR,Positive
http://www.iedb.org/assay/1966393,NWFDITNWLWYIR,Positive
http://www.iedb.org/assay/1966394,NWFDITNWLWYIR,Positive
http://www.iedb.org/assay/1966395,NWFDITNWLWYIR,Positive
http://www.iedb.org/assay/1966397,NWFDITNWLWYIR,Positive
http://www.iedb.org/assay/1966399,NWFDITNWLWYIR,Positive
http://www.iedb.org/assay/1966400,NWFDITNWLWYIR,Positive
http://www.iedb.org/assay/1966401,NWFDITNWLWYIR,Positive
http://www.iedb.org/assay/1966402,NWFDITNWLWYIR,Positive
http://www.iedb.org/assay/1966403,NWFDITNWLWYIR,Positive-Low
http://www.iedb.org/assay/1966404,NWFDITNWLWYIR,Positive
http://www.iedb.org/assay/1966405,NEQELLELDKWASLWN,Positive-Low
http://www.iedb.org/assay/1966406,NEQELLELDKWASLWN,Positive
http://www.iedb.org/assay/1966407,NEQELLELDKWASLWN,Positive
http://www.iedb.org/assay/1966408,NEQELLELDKWASLWN,Positive
http://www.iedb.org/assay/1966409,NEQELLELDKWASLWN,Positive
http://www.iedb.org/assay/1966410,NEQELLELDKWASLWN,Positive
http://www.iedb.org/assay/1966411,NEQELLELDKWASLWN,Positive-Low
http://www.iedb.org/assay/1966412,NEQELLELDKWASLWN,Negative
http://www.iedb.org/assay/1966414,NEQELLELDKWASLWN,Positive
http://www.iedb.org/assay/1966415,WASLWNWFDITN,Positive
http://www.iedb.org/assay/1966416,WASLWNWFDITN,Positive
http://www.iedb.org/assay/1966417,WASLWNWFDITN,Positive
http://www.iedb.org/assay/1966418,WASLWNWFDITN,Positive
http://www.iedb.org/assay/1966426,NWFDITNWLWYIR,Positive
http://www.iedb.org/assay/1966427,NEQELLELDKWASLWN,Positive-Intermediate
http://www.iedb.org/assay/1971949,ELRDKKQKVHALFYKLDIV,Positive
http://www.iedb.org/assay/1971950,ELRDKKQKVHALFYKLDIV,Positive
http://www.iedb.org/assay/1971956,ELRDKKQKVHALFYKLDIV,Positive
http://www.iedb.org/assay/1972510,KRWIILGLNKIVRMY,Negative
http://www.iedb.org/assay/1973145,ELRDKKQKVHALFYKLDIV,Positive
http://www.iedb.org/assay/1973146,ELRDKKQKVHALFYKLDIV,Positive
http://www.iedb.org/assay/1973147,ELRDKKQKVHALFYKLDIV,Positive
http://www.iedb.org/assay/1973148,ELRDKKQKVHALFYKLDIV,Positive
http://www.iedb.org/assay/1973149,ELRDKKQKVHALFYKLDIV,Positive
http://www.iedb.org/assay/1973150,ELRDKKQKVHALFYKLDIV,Positive
http://www.iedb.org/assay/1973151,ELRDKKQKVHALFYKLDIV,Positive
http://www.iedb.org/assay/1973152,ELRDKKQKVHALFYKLDIV,Positive
http://www.iedb.org/assay/1973153,ELRDKKQKVHALFYKLDIV,Positive
http://www.iedb.org/assay/1973161,ELRDKKQKVHALFYKLDIV,Positive
http://www.iedb.org/assay/1973162,ELRDKKQKVHALFYKLDIV,Positive
http://www.iedb.org/assay/1973163,ELRDKKQKVHALFYKLDIV,Positive
http://www.iedb.org/assay/1973164,ELRDKKQKVHALFYKLDIV,Positive
http://www.iedb.org/assay/1973165,ELRDKKQKVHALFYKLDIV,Positive
http://www.iedb.org/assay/1973166,ELRDKKQKVHALFYKLDIV,Positive
http://www.iedb.org/assay/1973167,ELRDKKQKVHALFYKLDIV,Positive
http://www.iedb.org/assay/1973168,ELRDKKQKVHALFYKLDIV,Positive
http://www.iedb.org/assay/1973169,ELRDKKQKVHALFYKLDIV,Positive
http://www.iedb.org/assay/1973174,ELRDKKQKVHALFYKLDIV,Positive
http://www.iedb.org/assay/1973175,ELRDKKQKVHALFYKLDIV,Positive
http://www.iedb.org/assay/1980400,NEQELLELDKWASLW,Positive
http://www.iedb.org/assay/1980401,NWFDITNWLWYIK,Positive
http://www.iedb.org/assay/1980611,SLWNWFDITNWLWYIK,Positive
http://www.iedb.org/assay/1981919,NCTRPNNNTRKSINIGPGRALYTTGEII,Positive
http://www.iedb.org/assay/1981923,NCTRPNNNTRKSINIGPGRALYTTGEII,Positive
http://www.iedb.org/assay/1981924,NCTRPNNNTRKSINIGPGRALYTTGEII,Positive
http://www.iedb.org/assay/1981925,NNNTRKSINIGPGRALYTT,Positive
http://www.iedb.org/assay/1981934,NCTRPNNNTRKSINIGPGRALYTTGEII,Positive
http://www.iedb.org/assay/1982618,NEQELLELDKWASLW,Positive
http://www.iedb.org/assay/1982619,NEQELLELDKWASLW,Positive
http://www.iedb.org/assay/1982622,NWFDITNWLWYIK,Positive
http://www.iedb.org/assay/1982623,NWFDITNWLWYIK,Positive
http://www.iedb.org/assay/1982624,SLWNWFDITNWLWYIK,Positive
http://www.iedb.org/assay/1982625,SLWNWFDITNWLWYIK,Positive
http://www.iedb.org/assay/1982702,PQITLWQRR,Positive
http://www.iedb.org/assay/1982703,PQITLWQRR,Positive
http://www.iedb.org/assay/1982704,PQITLWQRR,Positive
http://www.iedb.org/assay/1982707,PQFSLWKR,Positive
http://www.iedb.org/assay/1985801,TRKSIHIGPG,Positive
http://www.iedb.org/assay/1985802,TRKSIRIGPG,Positive
http://www.iedb.org/assay/1985803,EIIGDIRQA,Positive
http://www.iedb.org/assay/2007042,KRIHIGPGRAFYTT,Positive
http://www.iedb.org/assay/2073405,EQELLELDKWASLW,Positive
http://www.iedb.org/assay/2073406,EQELLELDKWASLW,Positive
http://www.iedb.org/assay/2073407,EQELLELDKWASLW,Positive
http://www.iedb.org/assay/2116086,NEQELLELDKWASLWNWFDITNWLWYIR,Positive
http://www.iedb.org/assay/2116087,NEQELLELDKWASLWNWFDITNWLWYIR,Positive
http://www.iedb.org/assay/2366458,NWFDIT,Positive
http://www.iedb.org/assay/2366480,NWFDIT,Positive-Low
http://www.iedb.org/assay/2366486,NWFDIT,Positive
http://www.iedb.org/assay/2366494,NWFDIT,Positive
http://www.iedb.org/assay/2366495,NWFDIT,Positive
http://www.iedb.org/assay/2366512,NWFDIT,Positive
http://www.iedb.org/assay/2366513,NWFDIT,Positive-Low
http://www.iedb.org/assay/2366514,NWFDIT,Positive
http://www.iedb.org/assay/2366515,NWFDIT,Positive
http://www.iedb.org/assay/2366516,NWFDIT,Positive
http://www.iedb.org/assay/2366521,NWFDIT,Positive
http://www.iedb.org/assay/2366522,NWFDIT,Positive-Low
http://www.iedb.org/assay/2366523,NWFDIT,Positive
http://www.iedb.org/assay/2366524,NWFDIT,Positive
http://www.iedb.org/assay/2366525,NWFDIT,Positive
http://www.iedb.org/assay/2366526,NWFDIT,Positive-High
http://www.iedb.org/assay/2366527,NWFDIT,Positive
http://www.iedb.org/assay/2366528,NWFDIT,Positive
http://www.iedb.org/assay/2366529,NWFDIT,Positive
http://www.iedb.org/assay/2366530,NWFDIT,Positive
http://www.iedb.org/assay/2366532,NWFDIT,Positive
http://www.iedb.org/assay/2366534,NWFDIT,Positive
http://www.iedb.org/assay/2366539,GDIR,Positive
http://www.iedb.org/assay/2366549,GDIR,Positive
http://www.iedb.org/assay/2366560,GDIR,Positive
http://www.iedb.org/assay/2366573,GDIR,Positive
http://www.iedb.org/assay/2373544,ELDKWASLWNWFNITNWLWYIK,Positive
http://www.iedb.org/assay/2422764,NWFDITNWLWYIK,Positive
http://www.iedb.org/assay/2422765,NWFDITNWLWYIK,Positive
http://www.iedb.org/assay/2422766,NWFDITNWLWYIK,Positive
http://www.iedb.org/assay/2422767,NWFDITNWLWYIKLFIMIVGGLV,Positive
http://www.iedb.org/assay/2422770,NWFDITNWLWYIKLFIMIVGGLV,Positive
http://www.iedb.org/assay/2422771,NWFDITNWLWYIKLFIMIVGGLV,Positive
http://www.iedb.org/assay/2422773,NWFDITNWLWYIK,Positive
http://www.iedb.org/assay/2422776,NWFDITNWLWYIK,Positive
http://www.iedb.org/assay/2469328,SSSWETMEKGEIKNC,Positive
http://www.iedb.org/assay/2469330,SSSWETMEKGEIKNC,Positive
http://www.iedb.org/assay/2469331,TSIRDKVQKEYALFY,Positive
http://www.iedb.org/assay/2469332,TSIRDKVQKEYALFY,Positive
http://www.iedb.org/assay/2469333,PIDNASYRLISCNTS,Positive-Low
http://www.iedb.org/assay/2469334,PIDNASYRLISCNTS,Positive
http://www.iedb.org/assay/2469465,HIGPGRAFY,Positive
http://www.iedb.org/assay/2469468,HIGPGRAFY,Positive
http://www.iedb.org/assay/2469469,HIGPGRAFY,Positive
http://www.iedb.org/assay/2475965,HIGPGRAFY,Positive
http://www.iedb.org/assay/2475966,HIGPGRAFY,Positive
http://www.iedb.org/assay/2475967,HIGPGRAFY,Positive
http://www.iedb.org/assay/2475968,HIGPGRAFY,Positive
http://www.iedb.org/assay/2475969,HIGPGRAFY,Positive-Low
http://www.iedb.org/assay/2482061,WGCSGKLICTT,Positive
http://www.iedb.org/assay/2482062,WGCSGKLICTT,Positive
http://www.iedb.org/assay/2482063,WGCSGKLICTT,Positive
http://www.iedb.org/assay/2482064,WGCSGKLICTT,Positive
http://www.iedb.org/assay/2482065,WGCSGKLICTT,Positive
http://www.iedb.org/assay/2482066,WGCSGKLICTT,Positive
http://www.iedb.org/assay/2482067,WGCSGKLICTT,Negative
http://www.iedb.org/assay/2482068,WGCSGKLICTT,Positive
http://www.iedb.org/assay/2484797,GKAMYAPPIRG,Positive
http://www.iedb.org/assay/2484798,GKAMYAPPIRG,Positive
http://www.iedb.org/assay/2484799,GKAMYAPPIRG,Positive
http://www.iedb.org/assay/2484800,GKAMYAPPIRG,Positive
http://www.iedb.org/assay/2484802,GKAMYAPPIRG,Positive
http://www.iedb.org/assay/2484803,GKAMYAPPIRG,Positive
http://www.iedb.org/assay/2484804,GKAMYAPPIRG,Positive
http://www.iedb.org/assay/2484805,GKAMYAPPIRG,Positive
http://www.iedb.org/assay/2484806,GKAMYAPPIRG,Positive
http://www.iedb.org/assay/2484807,GKAMYAPPIRG,Positive
http://www.iedb.org/assay/2484808,GKAMYAPPIRG,Positive
http://www.iedb.org/assay/2484809,GKAMYAPPIRG,Positive
http://www.iedb.org/assay/2484810,GKAMYAPPIRG,Positive
http://www.iedb.org/assay/2484811,GKAMYAPPIRG,Positive
http://www.iedb.org/assay/2484812,GKAMYAPPIRG,Positive
http://www.iedb.org/assay/2484813,GKAMYAPPIRG,Positive
http://www.iedb.org/assay/2484814,GKAMYAPPIRG,Positive
http://www.iedb.org/assay/2484815,GKAMYAPPIRG,Positive
http://www.iedb.org/assay/2484816,GKAMYAPPIRG,Positive
http://www.iedb.org/assay/2484817,GKAMYAPPIRG,Positive
http://www.iedb.org/assay/2484818,GKAMYAPPIRG,Positive
http://www.iedb.org/assay/2484819,GKAMYAPPIRG,Positive
http://www.iedb.org/assay/2545816,LRDKKQKVHALFYKLDIV,Positive
http://www.iedb.org/assay/2545817,LRDKKQKVHALFYKLDIV,Positive
http://www.iedb.org/assay/2545818,LRDKKQKVHALFYKLDIV,Positive
http://www.iedb.org/assay/2545819,LRDKKQKVHALFYKLDIV,Positive
http://www.iedb.org/assay/2545820,LRDKKQKVHALFYKLDIV,Positive
http://www.iedb.org/assay/2545821,LRDKKQKVHALFYKLDIV,Positive
http://www.iedb.org/assay/2545849,NWFNITNWLWYIK,Positive
http://www.iedb.org/assay/2545850,NWFNITNWLWYIK,Positive
http://www.iedb.org/assay/2545851,NWFNITNWLWYIK,Negative
http://www.iedb.org/assay/2545852,NWFNITNWLWYIK,Negative
http://www.iedb.org/assay/2545853,NWFNITNWLWYIK,Positive
http://www.iedb.org/assay/2545854,NWFNITNWLWYIK,Positive
http://www.iedb.org/assay/2545855,NWFNITNWLWYIK,Positive
http://www.iedb.org/assay/2545856,NWFNITNWLWYIK,Positive
http://www.iedb.org/assay/2545857,NWFNITNWLWYIK,Positive
http://www.iedb.org/assay/2545858,NWFNITNWLWYIK,Positive
http://www.iedb.org/assay/2545859,NWFNITNWLWYIK,Positive
http://www.iedb.org/assay/2545860,NWFNITNWLWYIK,Positive
http://www.iedb.org/assay/2545861,NWFNITNWLWYIK,Positive
http://www.iedb.org/assay/2545862,NWFNITNWLWYIK,Positive
http://www.iedb.org/assay/2545863,NWFNITNWLWYIK,Positive
http://www.iedb.org/assay/2545864,NWFNITNWLWYIK,Positive
http://www.iedb.org/assay/2545865,NWFNITNWLWYIK,Positive
http://www.iedb.org/assay/2691094,NWFDITNWLWYIK,Positive
http://www.iedb.org/assay/2691095,NWFDITNWLWYIK,Positive
http://www.iedb.org/assay/2827582,NEQELLELDKWASLWNWFDITNWLWYIR,Positive
http://www.iedb.org/assay/2827592,NEQELLELDKWASLWNWFDITNWLWYIR,Positive
http://www.iedb.org/assay/2827594,NEQELLELDKWASLWNWFDITNWLWYIR,Positive
http://www.iedb.org/assay/2827595,NEQELLELDKWASLWNWFDITNWLWYIR,Positive
http://www.iedb.org/assay/2833006,AVGIGAVFL,Positive
http://www.iedb.org/assay/2833017,AVGIGAVFL,Positive
http://www.iedb.org/assay/2833019,AVGIGAVFL,Positive
http://www.iedb.org/assay/2833022,AVGIGAVFL,Positive
http://www.iedb.org/assay/2833024,AVGIGAVFL,Positive
http://www.iedb.org/assay/2833029,AVGIGAVFL,Positive
http://www.iedb.org/assay/2833066,LLELDKWASLW,Positive
http://www.iedb.org/assay/2833067,LLELDKWASLW,Positive
http://www.iedb.org/assay/2833068,LLELDKWASLW,Positive
http://www.iedb.org/assay/2833069,LLELDKWASLW,Positive
http://www.iedb.org/assay/2833070,LLELDKWASLW,Positive
http://www.iedb.org/assay/2833071,ELDKWASLW,Positive
http://www.iedb.org/assay/2833072,ELDKWASLW,Positive
http://www.iedb.org/assay/2833073,ELDKWASLW,Positive
http://www.iedb.org/assay/2833074,ELDKWASLW,Positive
http://www.iedb.org/assay/2833075,ELDKWASLW,Positive
http://www.iedb.org/assay/2833079,ELDKWASLW,Positive
http://www.iedb.org/assay/2833080,LLELDKWASLW,Positive
http://www.iedb.org/assay/2833081,LLELDKWASLW,Positive
http://www.iedb.org/assay/2833088,ELDKWASLW,Positive
http://www.iedb.org/assay/2833089,ELDKWASLW,Positive
http://www.iedb.org/assay/2833090,ELDKWASLW,Positive
http://www.iedb.org/assay/2833091,ELDKWASLW,Positive
http://www.iedb.org/assay/2833092,ELDKWASLW,Negative
http://www.iedb.org/assay/2833093,ELDKWASLW,Positive
http://www.iedb.org/assay/2833101,QQEKNEQELLELDKWASLWN,Positive
http://www.iedb.org/assay/2833102,QQEKNEQELLELDKWASLWN,Positive
http://www.iedb.org/assay/2833103,QQEKNEQELLELDKWASLWN,Positive
http://www.iedb.org/assay/2833104,QQEKNEQELLELDKWASLWN,Positive
http://www.iedb.org/assay/2833114,QQEKNEQELLELDKWASLWN,Positive
http://www.iedb.org/assay/2852701,LIEESQNQQEKNEQELLELDKWAS,Negative
http://www.iedb.org/assay/2924955,IWGCSGKLICTTAVP,Positive
http://www.iedb.org/assay/2924957,IWGCSGKLICTTAVP,Positive
http://www.iedb.org/assay/2924958,IWGCSGKLICTTAVP,Positive
http://www.iedb.org/assay/2924959,IWGCSGKLICTTAVP,Positive
http://www.iedb.org/assay/2924960,IWGCSGKLICTTAVP,Positive
http://www.iedb.org/assay/2924961,IWGCSGKLICTTAVP,Negative
http://www.iedb.org/assay/2924962,IWGCSGKLICTTAVP,Positive
http://www.iedb.org/assay/2924963,IWGCSGKLICTTAVP,Positive
http://www.iedb.org/assay/3059211,DKWASLWNWFNITNWLWYIKLFIMIVG,Positive
http://www.iedb.org/assay/3059225,DKWASLWNWFNITNWLWYIKLFIMIVG,Positive
http://www.iedb.org/assay/3059226,DKWASLWNWFNITNWLWYIKLFIMIVG,Positive
http://www.iedb.org/assay/3059227,DKWASLWNWFNITNWLWYIKLFIMIVG,Positive
http://www.iedb.org/assay/3059228,DKWASLWNWFNITNWLWYIKLFIMIVG,Positive
http://www.iedb.org/assay/3059229,DKWASLWNWFNITNWLWYIKLFIMIVG,Positive
http://www.iedb.org/assay/3059230,DKWASLWNWFNITNWLWYIKLFIMIVG,Positive
http://www.iedb.org/assay/3133600,WNWFDITN,Positive
http://www.iedb.org/assay/3133601,WNWFDITN,Positive
http://www.iedb.org/assay/3133602,WNWFDITN,Positive
http://www.iedb.org/assay/3133603,WNWFDITN,Positive
http://www.iedb.org/assay/3165717,NWFDITNWLWYIK,Positive
http://www.iedb.org/assay/3165718,NWFDITNWLWYIK,Positive
http://www.iedb.org/assay/3165719,NWFDITNWLWYIK,Positive
http://www.iedb.org/assay/3165720,NWFDITNWLWYIK,Positive
http://www.iedb.org/assay/3193469,TRPNNNTRKSIRIGPGQAFYATG,Positive
http://www.iedb.org/assay/3193691,YNKRKRIHIGPGRAFYTTKNIIG,Positive
http://www.iedb.org/assay/3193692,NNTRKSIRIGPGQTFYATGDIIG,Positive
http://www.iedb.org/assay/3193693,YNKRKRIHIGPGRAFYTTKNIIG,Positive
http://www.iedb.org/assay/3466743,YTSLIHSLIEESQNQQEKNEQELLELDKWASLWNWF,Positive
http://www.iedb.org/assay/3468014,NEQELLELDKWASLWNWFDITNWLWYIR,Positive
http://www.iedb.org/assay/3468015,ELDKWASLWNWFDITNWLWYIR,Positive
http://www.iedb.org/assay/3468016,WNWFDITNWLWYIR,Positive
http://www.iedb.org/assay/3468018,ELDKWASLWNWFDITNWLWYIR,Positive
http://www.iedb.org/assay/3468019,WNWFDITNWLWYIR,Positive
http://www.iedb.org/assay/3468029,ELDKWASLWNWFDITNWLWYIR,Positive
http://www.iedb.org/assay/3468030,ELDKWASLWNWFDITNWLWYIR,Positive
http://www.iedb.org/assay/3468031,ELDKWASLWNWFDITNWLWYIR,Positive
http://www.iedb.org/assay/3468032,ELDKWASLWNWFDITNWLWYIR,Positive
http://www.iedb.org/assay/3468033,WNWFDITNWLWYIR,Positive
http://www.iedb.org/assay/3468034,ELDKWASLWNWFDITNWLWYIR,Positive
http://www.iedb.org/assay/3468035,ELDKWASLWNWFDITNWLWYIR,Positive
http://www.iedb.org/assay/3468036,ELDKWASLWNWFDITNWLWYIR,Positive
http://www.iedb.org/assay/3468037,NEQELLELDKWASLWNWFDITNWLWYIR,Positive
http://www.iedb.org/assay/3468038,NEQELLELDKWASLWNWFDITNWLWYIR,Positive
http://www.iedb.org/assay/3468039,ELDKWASLWNWFDITNWLWYIR,Positive
http://www.iedb.org/assay/3468040,ELDKWASLWNWFDITNWLWYIR,Positive
http://www.iedb.org/assay/3468041,ELDKWASLWNWFDITNWLWYIR,Positive
http://www.iedb.org/assay/3468042,WNWFDITNWLWYIR,Positive
http://www.iedb.org/assay/3468043,NEQELLELDKWASLWNWFDITNWLWYIR,Positive
http://www.iedb.org/assay/3468044,NEQELLELDKWASLWNWFDITNWLWYIR,Positive
http://www.iedb.org/assay/3468045,NEQELLELDKWASLWNWFDITNWLWYIR,Positive
http://www.iedb.org/assay/3468046,ELDKWASLWNWFDITNWLWYIR,Positive
http://www.iedb.org/assay/3468047,ELDKWASLWNWFDITNWLWYIR,Positive
http://www.iedb.org/assay/3468048,ELDKWASLWNWFDITNWLWYIR,Positive
http://www.iedb.org/assay/3468049,ELDKWASLWNWFDITNWLWYIR,Positive
http://www.iedb.org/assay/3468050,ELDKWASLWNWFDITNWLWYIR,Positive
http://www.iedb.org/assay/3468051,ELDKWASLWNWFDITNWLWYIR,Positive
http://www.iedb.org/assay/3468052,ELDKWASLWNWFDITNWLWYIR,Positive
http://www.iedb.org/assay/3468053,ELDKWASLWNWFDITNWLWYIR,Positive
http://www.iedb.org/assay/3468054,ELDKWASLWNWFDITNWLWYIR,Positive
http://www.iedb.org/assay/3468055,ELDKWASLWNWFDITNWLWYIR,Positive
http://www.iedb.org/assay/3468056,NEQELLELDKWASLWNWFDITNWLWYIR,Positive
http://www.iedb.org/assay/3802966,TRKSIHIGPGRAF,Positive
http://www.iedb.org/assay/3802967,HIGPGRAFYTTGEI,Positive
http://www.iedb.org/assay/3803812,TRKSIHIGPGRAF,Positive
http://www.iedb.org/assay/3805271,SLWNWFDITKWLWYIK,Positive
http://www.iedb.org/assay/3805296,SLWNWFDITKWLWYIK,Positive
http://www.iedb.org/assay/3929001,AVGIGAVF,Positive
http://www.iedb.org/assay/3929005,AVGIGAVF,Positive
http://www.iedb.org/assay/3929050,AVGIGAVF,Positive
http://www.iedb.org/assay/3929056,AVGIGAVF,Positive
http://www.iedb.org/assay/3929060,AVGIGAVF,Positive
http://www.iedb.org/assay/3929069,AVGIGAVF,Positive
http://www.iedb.org/assay/3930364,AVGIGAVF,Positive
http://www.iedb.org/assay/3930365,AVGIGAVF,Positive
http://www.iedb.org/assay/3930366,AVGIGAVF,Positive
http://www.iedb.org/assay/3930368,AVGIGAVF,Positive
http://www.iedb.org/assay/3930369,AVGIGAVF,Positive-Low
http://www.iedb.org/assay/3930371,AVGIGAVF,Positive
http://www.iedb.org/assay/3930372,AVGIGAVF,Positive
http://www.iedb.org/assay/3930373,AVGIGAVF,Positive
http://www.iedb.org/assay/3930374,AVGIGAVF,Positive
http://www.iedb.org/assay/3930375,AVGIGAVF,Positive
http://www.iedb.org/assay/3930376,AVGIGAVF,Positive
http://www.iedb.org/assay/3930377,AVGIGAVF,Positive
http://www.iedb.org/assay/3930378,AVGIGAVF,Positive
http://www.iedb.org/assay/3930380,AVGIGAVF,Positive
http://www.iedb.org/assay/3930381,AVGIGAVF,Positive
http://www.iedb.org/assay/3930382,AVGIGAVF,Positive
http://www.iedb.org/assay/3930383,AVGIGAVF,Positive
http://www.iedb.org/assay/3930384,AVGIGAVF,Positive
http://www.iedb.org/assay/3930385,AVGIGAVF,Positive
http://www.iedb.org/assay/3930386,AVGIGAVF,Positive
http://www.iedb.org/assay/3930387,AVGIGAVF,Positive
http://www.iedb.org/assay/3930388,AVGIGAVF,Positive
http://www.iedb.org/assay/3930389,AVGIGAVF,Positive
http://www.iedb.org/assay/3930390,AVGIGAVF,Positive
http://www.iedb.org/assay/3930391,AVGIGAVF,Positive
http://www.iedb.org/assay/3930392,AVGIGAVF,Positive
http://www.iedb.org/assay/3930393,AVGIGAVF,Positive
http://www.iedb.org/assay/3930394,AVGIGAVF,Positive
http://www.iedb.org/assay/3930395,AVGIGAVF,Positive
http://www.iedb.org/assay/3930396,AVGIGAVF,Positive
http://www.iedb.org/assay/3930397,AVGIGAVF,Positive
http://www.iedb.org/assay/3930398,AVGIGAVF,Positive
http://www.iedb.org/assay/3930399,AVGIGAVF,Positive
http://www.iedb.org/assay/3930400,AVGIGAVF,Positive
http://www.iedb.org/assay/3930401,AVGIGAVF,Positive
http://www.iedb.org/assay/3930402,AVGIGAVF,Positive
http://www.iedb.org/assay/3930403,AVGIGAVF,Positive
http://www.iedb.org/assay/3930404,AVGIGAVF,Positive
http://www.iedb.org/assay/3930405,AVGIGAVF,Positive
http://www.iedb.org/assay/3930406,AVGIGAVF,Positive
http://www.iedb.org/assay/4115946,KKGIAIGPGRTLYA,Positive
http://www.iedb.org/assay/4115947,RKRIHIGPGRAFYT,Positive
http://www.iedb.org/assay/4115948,RKRIHIGPGRAFYT,Positive
http://www.iedb.org/assay/4115949,KKGIAIGPGRTLYA,Positive
http://www.iedb.org/assay/4115950,RKRIHIGPGRAFYT,Positive
http://www.iedb.org/assay/4115951,RKRIHIGPGRAFYT,Positive
http://www.iedb.org/assay/4115952,KKGIAIGPGRTLYA,Positive
http://www.iedb.org/assay/4115953,RKRIHIGPGRAFYT,Positive
http://www.iedb.org/assay/4115954,RKRIHIGPGRAFYT,Positive
http://www.iedb.org/assay/4583534,RDKVQKEYALFYKLD,Positive
http://www.iedb.org/assay/4583536,RDKVQKEYALFYKLD,Positive-Low
http://www.iedb.org/assay/4583547,RDKVQKEYALFYKLD,Positive
http://www.iedb.org/assay/4583548,RDKVQKEYALFYKLD,Positive-Low
http://www.iedb.org/assay/4830046,RDKKQKAYALFYRPD,Positive
http://www.iedb.org/assay/4830049,RDKKQKAYALFYRPD,Positive
http://www.iedb.org/assay/4961820,RDKKQKAYALFYRPD,Positive
http://www.iedb.org/assay/4988135,RDKKQKAYALFYRPD,Positive
http://www.iedb.org/assay/4988138,RDKKQKAYALFYRPD,Positive
http://www.iedb.org/assay/4988141,RDKKQKAYALFYRPDVV,Positive
http://www.iedb.org/assay/4988142,RDKKQKAYALFYRPDVV,Positive
http://www.iedb.org/assay/4988143,RDKKQKAYALFYRPDVV,Positive
http://www.iedb.org/assay/4988144,RDKKQKAYALFYRPDVV,Positive
http://www.iedb.org/assay/4988145,RDKKQKAYALFYRPDVV,Positive
http://www.iedb.org/assay/5033969,ELRDKKQKAYALFYRPDVV,Positive
http://www.iedb.org/assay/5033970,ELRDKKQKAYALFYRPDVV,Positive
http://www.iedb.org/assay/5033971,ELRDKKQKAYALFYRPDVV,Positive
http://www.iedb.org/assay/5033972,ELRDKKQKAYALFYRPDVV,Positive
http://www.iedb.org/assay/5033973,ELRDKKQKAYALFYRPDVV,Positive-Low
http://www.iedb.org/assay/5033975,ELRDKKQKAYALFYRPDVV,Positive
http://www.iedb.org/assay/5033976,ELRDKKQKAYALFYRPDVV,Positive
http://www.iedb.org/assay/5033977,ELRDKKQKAYALFYRPDVV,Positive-Low
http://www.iedb.org/assay/5048115,AVGLGAVFLG,Positive
http://www.iedb.org/assay/5048116,AVGLGAVFLG,Positive
http://www.iedb.org/assay/5048117,AVGLGAVFLG,Positive
http://www.iedb.org/assay/5604948,AVGIGAVFL,Positive
http://www.iedb.org/assay/5604949,AVGIGAVFL,Positive
http://www.iedb.org/assay/5604950,AVGIGAVFL,Positive
http://www.iedb.org/assay/5604952,AVGIGAVFL,Positive
http://www.iedb.org/assay/5710469,AVGIGAVF,Positive
http://www.iedb.org/assay/5710471,AVGIGAVF,Positive
http://www.iedb.org/assay/5710472,AVGIGAVF,Positive
http://www.iedb.org/assay/5710473,AVGIGAVF,Positive
http://www.iedb.org/assay/5710474,AVGIGAVF,Positive
http://www.iedb.org/assay/5710475,AVGIGAVF,Positive
http://www.iedb.org/assay/5710476,AVGIGAVF,Positive
http://www.iedb.org/assay/5710477,AVGIGAVF,Positive
http://www.iedb.org/assay/5710478,AVGIGAVF,Positive
http://www.iedb.org/assay/5710479,AVGIGAVF,Positive
http://www.iedb.org/assay/5710490,AVGIGAVF,Positive
http://www.iedb.org/assay/5710491,AVGIGAVF,Positive
http://www.iedb.org/assay/5710492,AVGIGAVF,Positive
http://www.iedb.org/assay/5710493,AVGIGAVF,Positive
http://www.iedb.org/assay/5710494,AVGIGAVF,Positive
http://www.iedb.org/assay/5710495,AVGIGAVF,Positive
http://www.iedb.org/assay/5710496,AVGIGAVF,Positive
http://www.iedb.org/assay/5710497,AVGIGAVF,Positive
http://www.iedb.org/assay/5710498,AVGIGAVF,Positive
http://www.iedb.org/assay/5710499,AVGIGAVF,Positive
http://www.iedb.org/assay/5710500,AVGIGAVF,Positive
http://www.iedb.org/assay/5710501,AVGIGAVF,Positive
http://www.iedb.org/assay/5710502,AVGIGAVF,Positive
http://www.iedb.org/assay/5710503,AVGIGAVF,Positive
http://www.iedb.org/assay/5710504,AVGIGAVF,Positive
http://www.iedb.org/assay/5710505,AVGIGAVF,Positive
http://www.iedb.org/assay/5710506,AVGIGAVF,Positive
http://www.iedb.org/assay/5710507,AVGIGAVF,Positive
http://www.iedb.org/assay/5710508,AVGIGAVF,Positive
http://www.iedb.org/assay/5710509,AVGIGAVF,Positive
http://www.iedb.org/assay/5710510,AVGIGAVF,Positive
http://www.iedb.org/assay/5710511,AVGIGAVF,Positive
http://www.iedb.org/assay/5710512,AVGIGAVF,Positive
http://www.iedb.org/assay/5710513,AVGIGAVF,Positive
http://www.iedb.org/assay/5710514,AVGIGAVF,Positive
http://www.iedb.org/assay/5710515,AVGIGAVF,Positive
http://www.iedb.org/assay/5710516,AVGIGAVF,Positive
http://www.iedb.org/assay/5710517,AVGIGAVF,Positive
http://www.iedb.org/assay/5710518,AVGIGAVF,Positive
http://www.iedb.org/assay/5710519,AVGIGAVF,Positive
http://www.iedb.org/assay/5710520,AVGIGAVF,Positive
http://www.iedb.org/assay/5710521,AVGIGAVF,Positive
http://www.iedb.org/assay/5710522,AVGIGAVF,Positive
http://www.iedb.org/assay/5710523,AVGIGAVF,Positive
http://www.iedb.org/assay/5710524,AVGIGAVF,Positive
http://www.iedb.org/assay/5710525,AVGIGAVF,Positive
http://www.iedb.org/assay/5710526,AVGIGAVF,Positive
http://www.iedb.org/assay/5710527,AVGIGAVF,Positive
http://www.iedb.org/assay/5710528,AVGIGAVF,Positive
http://www.iedb.org/assay/5710529,AVGIGAVF,Positive
http://www.iedb.org/assay/5710530,AVGIGAVF,Positive
http://www.iedb.org/assay/5710531,AVGIGAVF,Positive
http://www.iedb.org/assay/5710532,AVGIGAVF,Positive-Low
http://www.iedb.org/assay/5710533,AVGIGAVF,Positive
http://www.iedb.org/assay/5710534,AVGIGAVF,Positive
http://www.iedb.org/assay/5710535,AVGIGAVF,Positive
http://www.iedb.org/assay/5710536,AVGIGAVF,Positive
http://www.iedb.org/assay/5710537,AVGIGAVF,Positive
http://www.iedb.org/assay/5710538,AVGIGAVF,Positive
http://www.iedb.org/assay/5710539,AVGIGAVF,Positive
http://www.iedb.org/assay/5710540,AVGIGAVF,Positive
http://www.iedb.org/assay/5710541,AVGIGAVF,Negative
http://www.iedb.org/assay/5710542,AVGIGAVF,Positive
http://www.iedb.org/assay/5710543,AVGIGAVF,Positive
http://www.iedb.org/assay/5710544,AVGIGAVF,Positive
http://www.iedb.org/assay/5710545,AVGIGAVF,Positive
http://www.iedb.org/assay/5710546,AVGIGAVF,Positive
http://www.iedb.org/assay/5710547,AVGIGAVF,Positive
http://www.iedb.org/assay/5710548,AVGIGAVF,Positive
http://www.iedb.org/assay/5719323,NNTRKSIRIGPGQAFYATGGIIG,Positive
http://www.iedb.org/assay/5719324,NNTRKSIRIGPGQAFYATGGIIG,Positive
http://www.iedb.org/assay/5719325,YNKRKRIHIGPGRAFYTTKNIIG,Positive
http://www.iedb.org/assay/5719407,NNTRKSIRIGPGQAFYATGGIIG,Positive
http://www.iedb.org/assay/5719408,NNTRKSIRIGPGQAFYATGGIIG,Positive
http://www.iedb.org/assay/5719409,NNTRKSIRIGPGQAFYATGGIIG,Positive
http://www.iedb.org/assay/5719410,NNTRKSIRIGPGQAFYATGGIIG,Positive
http://www.iedb.org/assay/5719411,NNTRKSIRIGPGQAFYATGGIIG,Positive
http://www.iedb.org/assay/5719412,NNTRKSIRIGPGQAFYATGGIIG,Positive
http://www.iedb.org/assay/5719413,NNTRKSIRIGPGQAFYATGGIIG,Positive
http://www.iedb.org/assay/5719414,NNTRKSIRIGPGQAFYATGGIIG,Positive
http://www.iedb.org/assay/5719415,NNTRKSIRIGPGQAFYATGGIIG,Positive
http://www.iedb.org/assay/5719416,NNTRKSIRIGPGQAFYATGGIIG,Positive
http://www.iedb.org/assay/5719417,NNTRKSIRIGPGQAFYATGGIIG,Positive
http://www.iedb.org/assay/5719418,NNTRKSIRIGPGQAFYATGGIIG,Positive
http://www.iedb.org/assay/5719419,NNTRKSIRIGPGQAFYATGGIIG,Positive
http://www.iedb.org/assay/5719420,NNTRKSIRIGPGQAFYATGGIIG,Positive
http://www.iedb.org/assay/5719421,NNTRKSIRIGPGQAFYATGGIIG,Positive
http://www.iedb.org/assay/5719422,NNTRKSIRIGPGQAFYATGGIIG,Positive
http://www.iedb.org/assay/5719423,NNTRKSIRIGPGQAFYATGGIIG,Positive
http://www.iedb.org/assay/5719424,NNTRKSIRIGPGQAFYATGGIIG,Positive
http://www.iedb.org/assay/5719425,NNTRKSIRIGPGQAFYATGGIIG,Positive
http://www.iedb.org/assay/5719426,NNTRKSIRIGPGQAFYATGGIIG,Positive
http://www.iedb.org/assay/5719427,NNTRKSIRIGPGQAFYATGGIIG,Positive
http://www.iedb.org/assay/5719428,NNTRKSIRIGPGQAFYATGGIIG,Positive
http://www.iedb.org/assay/5719429,NNTRKSIRIGPGQAFYATGGIIG,Positive
http://www.iedb.org/assay/5719430,NNTRKSIRIGPGQAFYATGGIIG,Positive
http://www.iedb.org/assay/5719431,NNTRKSVRIGPGQAFYAT,Positive
http://www.iedb.org/assay/5719432,NNTRKSVRIGPGQAFYAT,Positive
http://www.iedb.org/assay/5719433,NNTRKSVRIGPGQAFYAT,Positive
http://www.iedb.org/assay/5719434,NNTRKSVRIGPGQAFYAT,Positive
http://www.iedb.org/assay/5719435,NNTRKSVRIGPGQAFYAT,Positive
http://www.iedb.org/assay/5719436,NNTRKSVRIGPGQAFYAT,Positive
http://www.iedb.org/assay/5719437,NNTRKSVRIGPGQAFYAT,Positive
http://www.iedb.org/assay/5719438,NNTRKSVRIGPGQAFYAT,Positive
http://www.iedb.org/assay/5719439,NNTRKSVRIGPGQAFYAT,Positive
http://www.iedb.org/assay/5719441,NNTRKSVRIGPGQAFYAT,Positive
http://www.iedb.org/assay/5719442,NNTRKSVRIGPGQAFYAT,Positive
http://www.iedb.org/assay/5719443,NNTRKSVRIGPGQAFYAT,Positive
http://www.iedb.org/assay/5719444,YNKRKRIHIGPGRAFYTTKNIIG,Positive
http://www.iedb.org/assay/5719445,YNKRKRIHIGPGRAFYTTKNIIG,Positive
http://www.iedb.org/assay/5719446,YNKRKRIHIGPGRAFYTTKNIIG,Positive
http://www.iedb.org/assay/5719447,YNKRKRIHIGPGRAFYTTKNIIG,Positive
http://www.iedb.org/assay/5719448,YNKRKRIHIGPGRAFYTTKNIIG,Positive
http://www.iedb.org/assay/5719449,YNKRKRIHIGPGRAFYTTKNIIG,Positive
http://www.iedb.org/assay/5719450,YNKRKRIHIGPGRAFYTTKNIIG,Positive
http://www.iedb.org/assay/5719451,YNKRKRIHIGPGRAFYTTKNIIG,Positive
http://www.iedb.org/assay/5719452,YNKRKRIHIGPGRAFYTTKNIIG,Positive
http://www.iedb.org/assay/5719453,YNKRKRIHIGPGRAFYTTKNIIG,Positive
http://www.iedb.org/assay/5719454,YNKRKRIHIGPGRAFYTTKNIIG,Positive
http://www.iedb.org/assay/5719455,YNKRKRIHIGPGRAFYTTKNIIG,Positive
http://www.iedb.org/assay/5719456,YNKRKRIHIGPGRAFYTTKNIIG,Positive
http://www.iedb.org/assay/5719457,YNKRKRIHIGPGRAFYTTKNIIG,Positive
http://www.iedb.org/assay/5719458,YNKRKRIHIGPGRAFYTTKNIIG,Positive
http://www.iedb.org/assay/5719460,YNKRKRIHIGPGRAFYTTKNIIG,Positive
http://www.iedb.org/assay/5719462,NNTRKSIRIGPGQAFYATGGIIG,Positive
http://www.iedb.org/assay/5719463,NNTRKSIRIGPGQAFYATGGIIG,Positive
http://www.iedb.org/assay/5719464,YNKRKRIHIGPGRAFYTTKNIIG,Positive
http://www.iedb.org/assay/5719465,NNTRKSVRIGPGQAFYAT,Positive
http://www.iedb.org/assay/6250841,AVERYLKDQQLLGIW,Positive
http://www.iedb.org/assay/6250842,AVERYLKDQQLLGIW,Positive
http://www.iedb.org/assay/6250843,AVERYLKDQQLLGIW,Positive
http://www.iedb.org/assay/6250844,AVERYLKDQQLLGIW,Positive
http://www.iedb.org/assay/6250845,AVERYLKDQQLLGIW,Positive
http://www.iedb.org/assay/6250846,AVERYLKDQQLLGIW,Positive
http://www.iedb.org/assay/6250847,AVERYLKDQQLLGIW,Positive
http://www.iedb.org/assay/6250849,IRIGPGQT,Positive
http://www.iedb.org/assay/6250850,IRIGPGQT,Positive
http://www.iedb.org/assay/6250851,IRIGPGQT,Positive
http://www.iedb.org/assay/6352849,NWFDITNWLWYIKLFIMIV,Positive
http://www.iedb.org/assay/6353113,NWFDITNWLWYIKLFIMIV,Positive
http://www.iedb.org/assay/6353114,NWFDITNWLWYIKLFIMIV,Positive
http://www.iedb.org/assay/6353115,NWFDITNWLWYIKLFIMIV,Positive
http://www.iedb.org/assay/6353116,NWFDITNWLWYIKLFIMIV,Positive
http://www.iedb.org/assay/6353117,NWFDITNWLWYIKLFIMIV,Positive
http://www.iedb.org/assay/6353118,NWFDITNWLWYIKLFIMIV,Positive
http://www.iedb.org/assay/6353119,NWFDITNWLWYIKLFIMIV,Positive
http://www.iedb.org/assay/6353120,NWFDITNWLWYIKLFIMIV,Positive
http://www.iedb.org/assay/6363847,NWFDITNWLWYIK,Positive
http://www.iedb.org/assay/6363849,NWFDITNWLWYIK,Positive
http://www.iedb.org/assay/6363850,NWFDITNWLWYIK,Positive
http://www.iedb.org/assay/6363851,NWFDITNWLWYIK,Positive
http://www.iedb.org/assay/6363872,NWFDITNWLWYIK,Positive
http://www.iedb.org/assay/6363873,NWFDITNWLWYIK,Positive
http://www.iedb.org/assay/6363878,NWFDITNWLWYIK,Positive
http://www.iedb.org/assay/6363880,NWFDITNWLWYIK,Positive
http://www.iedb.org/assay/6363891,NWFDITNWLWYIK,Positive
http://www.iedb.org/assay/6363896,NWFDITNWLWYIK,Positive
http://www.iedb.org/assay/6363897,NWFDITNWLWYIK,Positive
http://www.iedb.org/assay/6363936,NWFDITNWLWYIK,Positive
http://www.iedb.org/assay/6363947,NWFDITNWLWYIK,Positive
http://www.iedb.org/assay/6363948,NWFDITNWLWYIK,Positive
http://www.iedb.org/assay/6517718,LRDKKQKVHALFYKLDIVPIED,Positive
http://www.iedb.org/assay/6517719,LRDKKQKVHALFYKLDIVPIED,Positive
http://www.iedb.org/assay/6517720,LRDKKQKVHALFYKLDIVPIED,Positive
http://www.iedb.org/assay/6517721,LRDKKQKVHALFYKLDIVPIED,Positive
http://www.iedb.org/assay/7605956,AVGIGAVF,Positive
http://www.iedb.org/assay/7605960,AVGIGAVF,Positive
http://www.iedb.org/assay/7605961,AVGIGAVF,Positive
http://www.iedb.org/assay/7605964,AVGIGAVF,Positive
http://www.iedb.org/assay/7605965,AVGIGAVF,Positive
http://www.iedb.org/assay/7605966,AVGIGAVF,Positive
http://www.iedb.org/assay/7605967,AVGIGAVF,Positive
http://www.iedb.org/assay/7605968,AVGIGAVF,Positive
http://www.iedb.org/assay/7605969,AVGIGAVF,Positive
http://www.iedb.org/assay/7605970,AVGIGAVF,Positive
http://www.iedb.org/assay/7605971,AVGIGAVF,Positive
http://www.iedb.org/assay/7605972,AVGIGAVF,Positive
http://www.iedb.org/assay/22465555,MEPVDPRLEPWKHPGSQPKT,Positive
http://www.iedb.org/assay/22465556,MEPVDPRLEPWKHPGSQPKT,Positive
http://www.iedb.org/assay/22465557,SYGRKKRRQRRRPPQ,Positive
http://www.iedb.org/assay/22465558,SYGRKKRRQRRRPPQ,Positive
