Sequence,Label,Solubility,Prob,Pred
MAEIKHYQFNVVMTCSGCSGAVNKVLTKLEPDVSKIDISLEKQLVDVYTTLPYDFILEKIKKTGKEVRSGKQL,1,"0,822","0,93984675",1
MTIEKPKISVAFICLGNFCRSPMAEAIFKHEVEKANLENRFNKIDSFGTSNYHVGESPDHRTVSICKQHGVKINHKGKQIKTKHFDEYDYIIGMDESNINNLKKIQPEGSKAKVCLFGDWNTNDGTVQTIIEDPWYGDIQDFEYNFKQITYFSKQFLKKEL,1,"0,925","0,8323002",1
MAVKGLGKPDQVYDGSKIRVGIIHARWNRVIIDALVKGAIERMASLGVEENNIIIETVPGSYELPWGTKRFVDRQAKLGKPLDVVIPIGVLIKGSTMHFEYISDSTTHALMNLQEKVDMPVIFGLLTCMTEEQALARAGIDEAHSMHNHGEDWGAAAVEMAVKFGKNAF,1,"0,888","0,76978415",1
MVQAVAVLKGDAGVSGVVKFEQASESEPTTVSYEIAGNSPNAERGFHIHEFGDATNGCVSAGPHFNPFKKTHGAPTDEVRHVGDMGNVKTDENGVAKGSFKDSLIKLIGPTSVVGRSVVIHAGQDDLGKGDTEESLKTGNAGPRPACGVIGLTN,1,"0,947","0,9665816",1
MSASKILSQKIKVALVQLSGSSPDKMANLQRAATFIERAMKEQPDTKLVVLPECFNSPYSTDQFRKYSEVINPKEPSTSVQFLSNLANKFKIILVGGTIPELDPKTDKIYNTSIIFNEDGKLIDKHRKVHLFDVDIPNGISFHESETLSPGEKSTTIDTKYGKFGVGICYDMRFPELAMLSARKGAFAMIYPSAFNTVTGPLHWHLLARSRAVDNQVYVMLCSPARNLQSSYHAYGHSIVVDPRGKIVAEAGEGEEIIYAELDPEVIESFRQAVPLTKQRRFDVYSDVNAH,1,"0,737","0,5967354",1
MSEGITDIEESQIQTNYDKVVYKFDDMELDENLLRGVFGYGFEEPSAIQQRAIMPIIEGHDVLAQAQSGTGKTGTFSIAALQRIDTSVKAPQALMLAPTRELALQIQKVVMALAFHMDIKVHACIGGTSFVEDAEGLRDAQIVVGTPGRVFDNIQRRRFRTDKIKMFILDEADEMLSSGFKEQIYQIFTLLPPTTQVVLLSATMPNDVLEVTTKFMRNPVRILVKKDELTLEGIKQFYVNVEEEEYKYECLTDLYDSISVTQAVIFCNTRRKVEELTTKLRNDKFTVSAIYSDLPQQERDTIMKEFRSGSSRILISTDLLARGIDVQQVSLVINYDLPANKENYIHRIGRGGRFGRKGVAINFVTNEDVGAMRELEKFYSTQIEELPSDIATLLN,1,"1,043","0,6716293",1
MPAPHGGILQDLIARDALKKNELLSEAQSSDILVWNLTPRQLCDIELILNGGFSPLTGFLNENDYSSVVTDSRLADGTLWTIPITLDVDEAFANQIKPDTRIALFQDDEIPIAILTVQDVYKPNKTIEAEKVFRGDPEHPAISYLFNVAGDYYVGGSLEAIQLPQHYDYPGLRKTPAQLRLEFQSRQWDRVVAFQTRNPMHRAHRELTVRAAREANAKVLIHPVVGLTKPGDIDHHTRVRVYQEIIKRYPNGIAFLSLLPLAMRMSGDREAVWHAIIRKNYGASHFIVGRDHAGPGKNSKGVDFYGPYDAQELVESYKHELDIEVVPFRMVTYLPDEDRYAPIDQIDTTKTRTLNISGTELRRRLRVGGEIPEWFSYPEVVKILRESNPPRPKQGFSIVLGNSLTVSREQLSIALLSTFLQFGGGRYYKIFEHNNKTELLSLIQDFIGSGSGLIIPNQWEDDKDSVVGKQNVYLLDTSSSADIQLESADEPISHIVQKVVLFLEDNGFFVF,0,"0,198","0,55098176",1
MSEEDKAKKLENLLKLLQLNNDDTSKFTQEQKKAMKDHKFWRTQPVKDFDEKVVEEGPIDKPKTPEDISDKPLPLLSSFEWCSIDVDNKKQLEDVFVLLNENYVEDRDAGFRFNYTKEFFNWALKSPGWKKDWHIGVRVKETQKLVAFISAIPVTLGVRGKQVPSVEINFLCVHKQLRSKRLTPVLIKEITRRVNKCDIWHALYTAGIVLPAPVSTCRYTHRPLNWKKLYEVDFTGLPDGHTEEDMIAENALPAKTKTAGLRKLKKEDIDQVFELFKRYQSRFELIQIFTKEEFEHNFIGEESLPLDKQVIFSYVVEQPDGKITDFFSFYSLPFTILNNTKYKDLGIGYLYYYATDADFQFKDRFDPKATKALKTRLCELIYDACILAKNANMDVFNALTSQDNTLFLDDLKFGPGDGFLNFYLFNYRAKPITGGLNPDNSNDIKRRSNVGVVML,,"0,572","0,64393765",
MSTLKVVSSKLAAEIDKELMGPQIGFTLQQLMELAGFSVAQAVCRQFPLRGKTETEKGKHVFVIAGPGNNGGDGLVCARHLKLFGYNPVVFYPKRSERTEFYKQLVHQLNFFKVPVLSQDEGNWLEYLKPEKTLCIVDAIFGFSFKPPMREPFKGIVEELCKVQNIIPIVSVDVPTGWDVDKGPISQPSINPAVLVSLTVPKPCSSHIRENQTTHYVGGRFIPRDFANKFGFEPFGYESTDQILKL,,"0,527","0,46318358",
MKVGIIMGSVRAKRVCPEIAAYVKRTIENSEELIDQKLKIQVVDLQQIALPLYEDDDELIPAQIKSVDEYADSKTRSWSRIVNALDIIVFVTPQYNWGYPAALKNAIDRLYHEWHGKPALVVSYGGHGGSKCNDQLQEVLHGLKMNVIGGVAVKIPVGTIPLPEDIVPQLSVHNEEILQLLASCIETTRNK,1,"0,814","0,658356",1
MPAPQDPRNLPIRQQMEALIRRKQAEITQGLESIDTVKFHADTWTRGNDGGGGTSMVIQDGTTFEKGGVNVSVVYGQLSPAAVSAMKADHKNLRLPEDPKTGLPVTDGVKFFACGLSMVIHPVNPHAPTTHLNYRYFETWNQDGTPQTWWFGGGADLTPSYLYEEDGQLFHQLHKDALDKHDTALYPRFKKWCDEYFYITHRKETRGIGGIFFDDYDERDPQEILKMVEDCFDAFLPSYLTIVKRRKDMPYTKEEQQWQAIRRGRYVEFNLIYDRGTQFGLRTPGSRVESILMSLPEHASWLYNHHPAPGSREAKLLEVTTKPREWVK,0,"0,272","0,5742205",1
MSEPVIKSLLDTDMYKITMHAAVFTNFPDVTVTYKYTNRSSQLTFNKEAINWLKEQFSYLGNLRFTEEEIEYLKQEIPYLPSAYIKYISSSNYKLHPEEQISFTSEEIEGKPTHYKLKILVSGSWKDTILYEIPLLSLISEAYFKFVDIDWDYENQLEQAEKKAETLFDNGIRFSEFGTRRRRSLKAQDLIMQGIMKAVNGNPDRNKSLLLGTSNILFAKKYGVKPIGTVAHEWVMGVASISEDYLHANKNAMDCWINTFGAKNAGLALTDTFGTDDFLKSFRPPYSDAYVGVRQDSGDPVEYTKKISHHYHDVLKLPKFSKIICYSDSLNVEKAITYSHAAKENGMLATFGIGTNFTNDFRKKSEPQVKSEPLNIVIKLLEVNGNHAIKISDNLGKNMGDPATVKRVKEELGYTERSWSGDNEAHRWT,0,"0,195","0,4684328",0
MDNGTDSSTSKFVPEYRRTNFKNKGRFSADELRRRRDTQQVELRKAKRDEALAKRRNFIPPTDGADSDEEDESSVSADQQFYSQLQQELPQMTQQLNSDDMQEQLSATVKFRQILSREHRPPIDVVIQAGVVPRLVEFMRENQPEMLQLEAAWALTNIASGTSAQTKVVVDADAVPLFIQLLYTGSVEVKEQAIWALGNVAGDSTDYRDYVLQCNAMEPILGLFNSNKPSLIRTATWTLSNLCRGKKPQPDWSVVSQALPTLAKLIYSMDTETLVDACWAISYLSDGPQEAIQAVIDVRIPKRLVELLSHESTLVQTPALRAVGNIVTGNDLQTQVVINAGVLPALRLLLSSPKENIKKEACWTISNITAGNTEQIQAVIDANLIPPLVKLLEVAEYKTKKEACWAISNASSGGLQRPDIIRYLVSQGCIKPLCDLLEIADNRIIEVTLDALENILKMGEADKEARGLNINENADFIEKAGGMEKIFNCQQNENDKIYEKAYKIIETYFGEEEDAVDETMAPQNAGNTFGFGSNVNQQFNFN,,"0,632","0,5535226",
MSEVIEGNVKIDRISPGDGATFPKTGDLVTIHYTGTLENGQKFDSSVDRGSPFQCNIGVGQVIKGWDVGIPKLSVGEKARLTIPGPYAYGPRGFPGLIPPNSTLVFDVELLKVN,1,"1,04","0,94217587",1
MTVQIPKLLFLHGFLQNGKVFSEKSSGIRKLLKKANVQCDYIDAPVLLEKKDLPFEMDDEKWQATLDADVNRAWFYHSEISHELDISEGLKSVVDHIKANGPYDGIVGFSQGAALSSIITNKISELVPDHPQFKVSVVISGYSFTEPDPEHPGELRITEKFRDSFAVKPDMKTKMIFIYGASDQAVPSVRSKYLYDIYLKAQNGNKEKVLAYEHPGGHMVPNKKDIIRPIVEQITSSLQEASE,1,"0,945","0,71704465",1
MQIVQIEQAPKDYISDIKIIPSKSLLLITSWDGSLTVYKFDIQAKNVDLLQSLRYKHPLLCCNFIDNTDLQIYVGTVQGEILKVDLIGSPSFQALTNNEANLGICRICKYGDDKLIAASWDGLIEVIDPRNYGDGVIAVKNLNSNNTKVKNKIFTMDTNSSRLIVGMNNSQVQWFRLPLCEDDNGTIEESGLKYQIRDVALLPKEQEGYACSSIDGRVAVEFFDDQGDDYNSSKRFAFRCHRLNLKDTNLAYPVNSIEFSPRHKFLYTAGSDGIISCWNLQTRKKIKNFAKFNEDSVVKIACSDNILCLATSDDTFKTNAAIDQTIELNASSIYIIFDYEN,,"0,518","0,408661",
MAVSKVYARSVYDSRGNPTVEVELTTEKGVFRSIVPSGASTGVHEALEMRDGDKSKWMGKGVLHAVKNVNDVIAPAFVKANIDVKDQKAVDDFLISLDGTANKSKLGANAILGVSLAASRAAAAEKNVPLYKHLADLSKSKTSPYVLPVPFLNVLNGGSHAGGALALQEFMIAPTGAKTFAEALRIGSEVYHNLKSLTKKRYGASAGNVGDEGGVAPNIQTAEEALDLIVDAIKAAGHDGKIKIGLDCASSEFFKDGKYDLDFKNPNSDKSKWLTGPQLADLYHSLMKRYPIVSIEDPFAEDDWEAWSHFFKTAGIQIVADDLTVTNPKRIATAIEKKAADALLLKVNQIGTLSESIKAAQDSFAAGWGVMVSHRSGETEDTFIADLVVGLRTGQIKTGAPARSERLAKLNQLLRIEEELGDNAVFAGENFHHGDKL,1,"0,753","0,64103377",1
MIRSTLSSWREYLTPITHKSTFLTTGQITPEEFVQAGDYLCHMFPTWKWNEESSDISYRDFLPKNKQFLIIRKVPCDKRAEQCVEVEGPDVIMKGFAEDGDEDDVLEYIGSETEHVQSTPAGGTKDSSIDDIDELIQDMEIKEEDENDDTEEFNAKGGLAKDMAQERYYDLYIAYSTSYRVPKMYIVGFNSNGSPLSPEQMFEDISADYRTKTATIEKLPFYKNSVLSVSIHPCKHANVMKILLDKVRVVRQRRRKELQEEQELDGVGDWEDLQDDIDDSLRVDQYLIVFLKFITSVTPSIQHDYTMEGW,1,"0,766","0,6573624",1
MGDNYSTYLLDIEGTVCPISFVKETLFPYFTNKVPQLVQQDTRDSPVSNILSQFHIDNKEQLQAHILELVAKDVKDPILKQLQGYVWAHGYESGQIKAPVYADAIDFIKRKKRVFIYSSGSVKAQKLLFGYVQDPNAPAHDSLDLNSYIDGYFDINTSGKKTETQSYANILRDIGAKASEVLFLSDNPLELDAAAGVGIATGLASRPGNAPVPDGQKYQVYKNFETL,,"0,414","0,59381574",
MVNVKVEFLGGLDAIFGKQRVHKIKMDKEDPVTVGDLIDHIVSTMINNPNDVSIFIEDDSIRPGIITLINDTDWELEGEKDYILEDGDIISFTSTLHGG,1,"0,978","0,8728583",1
MGLTTKPLSLKVNAALFDVDGTIIISQPAIAAFWRDFGKDKPYFDAEHVIQVSHGWRTFDAIAKFAPDFANEEYVNKLEAEIPVKYGEKSIEVPGAVKLCNALNALPKEKWAVATSGTRDMAQKWFEHLGIRRPKYFITANDVKQGKPHPEPYLKGRNGLGYPINEQDPSKSKVVVFEDAPAGIAAGKAAGCKIIGIATTFDLDFLKEKGCDIIVKNHESIRVGGYNAETDEVEFIFDDYLYAKDDLLKW,1,"0,851","0,7707277",1
MAAVTLHLRAETKPLEARAALTPTTVKKLIAKGFKIYVEDSPQSTFNINEYRQAGAIIVPAGSWKTAPRDRIIIGLKEMPETDTFPLVHEHIQFAHCYKDQAGWQNVLMRFIKGHGTLYDLEFLENDQGRRVAAFGFYAGFAGAALGVRDWAFKQTHSDDEDLPAVSPYPNEKALVKDVTKDYKEALATGARKPTVLIIGALGRCGSGAIDLLHKVGIPDANILKWDIKETSRGGPFDEIPQADIFINCIYLSKPIAPFTNMEKLNNPNRRLRTVVDVSADTTNPHNPIPIYTVATVFNKPTVLVPTTAGPKLSVISIDHLPSLLPREASEFFSHDLLPSLELLPQRKTAPVWVRAKKLFDRHCARVKRSSRL,1,"0,937","0,47859067",0
MSEITLGKYLFERLKQVNVNTVFGLPGDFNLSLLDKIYEVEGMRWAGNANELNAAYAADGYARIKGMSCIITTFGVGELSALNGIAGSYAEHVGVLHVVGVPSISAQAKQLLLHHTLGNGDFTVFHRMSANISETTAMITDIATAPAEIDRCIRTTYVTQRPVYLGLPANLVDLNVPAKLLQTPIDMSLKPNDAESEKEVIDTILALVKDAKNPVILADACCSRHDVKAETKKLIDLTQFPAFVTPMGKGSIDEQHPRYGGVYVGTLSKPEVKEAVESADLILSVGALLSDFNTGSFSYSYKTKNIVEFHSDHMKIRNATFPGVQMKFVLQKLLTTIADAAKGYKPVAVPARTPANAAVPASTPLKQEWMWNQLGNFLQEGDVVIAETGTSAFGINQTTFPNNTYGISQVLWGSIGFTTGATLGAAFAAEEIDPKKRVILFIGDGSLQLTVQEISTMIRWGLKPYLFVLNNDGYTIEKLIHGPKAQYNEIQGWDHLSLLPTFGAKDYETHRVATTGEWDKLTQDKSFNDNSKIRMIEIMLPVFDAPQNLVEQAKLTAATNAKQ,0,"0,267","0,5143414",1
MVPAESNAVQAKLAKTLQRFENKIKAGDYYEAHQTLRTIANRYVRSKSYEHAIELISQGALSFLKAKQGGSGTDLIFYLLEVYDLAEVKVDDISVARLVRLIAELDPSEPNLKDVITGMNNWSIKFSEYKFGDPYLHNTIGSKLLEGDFVYEAERYFMLGTHDSMIKYVDLLWDWLCQVDDIEDSTVAEFFSRLVFNYLFISNISFAHESKDIFLERFIEKFHPKYEKIDKNGYEIVFFEDYSDLNFLQLLLITCQTKDKSYFLNLKNHYLDFSQAYKSELEFLGQEYFNIVAPKQTNFLQDMMSGFLGGSK,,"0,617","0,51394093",
MQLSKAAEMCYEITNSYLHIDQKSQIIASTQEAIRLTRKYLLSEIFVRWSPLNGEISFSYNGGKDCQVLLLLYLSCLWEYFFIKAQNSQFDFEFQSFPMQRLPTVFIDQEETFPTLENFVLETSERYCLSLYESQRQSGASVNMADAFRDFIKIYPETEAIVIGIRHTDPFGEALKPIQRTDSNWPDFMRLQPLLHWDLTNIWSFLLYSNEPICGLYGKGFTSIGGINNSLPNPHLRKDSNNPALHFEWEIIHAFGKDAEGERSSAINTSPISVVDKERFSKYHDNYYPGWYLVDDTLERAGRIKN,0,"0,106","0,36105582",0
MFLLPFVIRHSSSIYLPTLRFRGLLTVISRNIHISTPHKMLPLSIEQRRPSRSPEYDQSTLSNYKDFAVLHTDLNLSVSFEKSAISGSVTFQLKKLHEGKNKSDELHLDTSYLDVQEVHIDGSKADFQIEQRKEPLGSRLVINNASCNDNFTLNIQFRTTDKCTALQWLNSKQTKGGKPYVFSQLEAIHARSLFPCFDTPSVKSTFTASIESPLPVVFSGIRIEDTSKDTNIYRFEQKVPIPAYLIGIASGDLSSAPIGPRSTVYTEPFRLKDCQWEFENDVEKFIQTAEKIIFEYEWGTYDILVNVDSYPYGGMESPNMTFATPTLIAHDRSNIDVIAHELAHSWSGNLVTNCSWNHFWLNEGWTVYLERRIIGAIHGEPTRHFSALIGWSDLQNSIDSMKDPERFSTLVQNLNDNTDPDDAFSTVPYEKGFNLLFHLETILGGKAEFDPFIRHYFKKFAKKSLDTFQFLDTLYEFYPEKKEILDSVDWETWLYKPGMPPRPHFITALADNVYQLADKWVEMAQHLKTTEDFRSEFNAIDIKDFNSNQLVLFLETLTQNGHSNKKPKDFDWAKFPVASRALLDIYQDNIVKSQNAEVVFKMFKFQIFAKLQEEYKHLADWLGTVGRMKFVRPGYRLLNSVDRRLALATFDKFKDTYHPICKALVKQDLGL,0,"0,155","0,45328283",0
MLVKTISRTIESESGFLQPTLDVIATLPADDRSKKIPISLVVGFKQEASLNSSSSLSCYYYAIPLMRDRHINLKSGGSNVVGIPLLDTKDDRIRDMARHMATIISERFNRPCYVTWSSLPSEDPSMLVANHLYILKKCLDLLKTELGE,,"0,415","0,63065946",
METPLDLLKLNLDERVYIKLRGARTLVGTLQAFDSHCNIVLSDAVETIYQLNNEELSESERRCEMVFIRGDTVTLISTPSEDDDGAVEI,1,"0,894","0,8423592",1
MVSQETIKHVKDLIAENEIFVASKTYCPYCHAALNTLFEKLKVPRSKVLVLQLNDMKEGADIQAALYEINGQRTVPNIYINGKHIGGNDDLQELRETGELEELLEPILAN,1,"1,109","0,9588428",1
MSEFYKLAPVDKKGQPFPFDQLKGKVVLIVNVASKCGFTPQYKELEALYKRYKDEGFTIIGFPCNQFGHQEPGSDEEIAQFCQLNYGVTFPIMKKIDVNGGNEDPVYKFLKSQKSGMLGLRGIKWNFEKFLVDKKGKVYERYSSLTKPSSLSETIEELLKEVE,1,"0,907","0,81901413",1
MFHRRKRPYNTRNYGHDDKKFKSQYIDIMPDFSPSGLLELESNNKEGIALKHVEPQDAISPDNYMDMLGLEARDRTMYELVIYRKNDKDKGPWKRYDLNGRSCYLVGRELGHSLDTDLDDRTEIVVADIGIPEETSSKQHCVIQFRNVRGILKCYVMDLDSSNGTCLNNVVIPGARYIELRSGDVLTLSEFEEDNDYELIFMNV,1,"0,825","0,75114965",1
MSTFSASDFNSERYSSSRPSYPSDFYKMIDEYHDGERKLLVDVGCGPGTATLQMAQELKPFEQIIGSDLSATMIKTAEVIKEGSPDTYKNVSFKISSSDDFKFLGADSVDKQKIDMITAVECAHWFDFEKFQRSAYANLRKDGTIAIWGYADPIFPDYPEFDDLMIEVPYGKQGLGPYWEQPGRSRLRNMLKDSHLDPELFHDIQVSYFCAEDVRDKVKLHQHTKKPLLIRKQVTLVEFADYVRTWSAYHQWKQDPKNKDKEDVADWFIKESLRRRPELSTNTKIEVVWNTFYKLGKRV,1,"0,783","0,52095395",1
MALNDNPIPKSVPLHPKSGKYFHNLHARDLSNIYQQCYKQIDETINQLVDSTSPSTIGIEEQVADITSTYKLLSTYESESNSFDEHIKDLKKNFKQSSDACPQIDLSTWDKYRTGELTAPKLSELYLNMPTPEPATMVNNTDTLKILKVLPYIWNDPTCVIPDLQNPADEDDLQIEGGKIELTCPITCKPYEAPLISRKCNHVFDRDGIQNYLQGYTTRDCPQAACSQVVSMRDFVRDPIMELRCKIAKMKESQEQDKRSSQAIDVL,1,"0,899","0,565954",1
MSQVQEQHISESQLQYGNGSLMSTVPADLSQSVVDGNGNGSSEDIEATNGSGDGGGLQEQAEAQGEMEDEAYDEAALGSFVPIEKLQVNGITMADVKKLRESGLHTAEAVAYAPRKDLLEIKGISEAKADKLLNEAARLVPMGFVTAADFHMRRSELICLTTGSKNLDTLLGGGVETGSITELFGEFRTGKSQLCHTLAVTCQIPLDIGGGEGKCLYIDTEGTFRPVRLVSIAQRFGLDPDDALNNVAYARAYNADHQLRLLDAAAQMMSESRFSLIVVDSVMALYRTDFSGRGELSARQMHLAKFMRALQRLADQFGVAVVVTNQVVAQVDGGMAFNPDPKKPIGGNIMAHSSTTRLGFKKGKGCQRLCKVVDSPCLPEAECVFAIYEDGVGDPREEDE,1,"0,769","0,48469776",0
MQAIADSFSVPNRLVKELQYDNEQNLESDFVTGASQFQRLAPSLTVPPIASPQQFLRAHTDDSRNPDCKIKIAHGTTTLAFRFQGGIIVAVDSRATAGNWVASQTVKKVIEINPFLLGTMAGGAADCQFWETWLGSQCRLHELREKERISVAAASKILSNLVYQYKGAGLSMGTMICGYTRKEGPTIYYVDSDGTRLKGDIFCVGSGQTFAYGVLDSNYKWDLSVEDALYLGKRSILAAAHRDAYSGGSVNLYHVTEDGWIYHGNHDVGELFWKVKEEEGSFNNVIG,0,"0,225","0,37053844",0
MVEDSRVRDALKGGDQKALPASLVPQAPPVLTSKDKITKRMIVVLAMASLETHKISSNGPGGDKYVLLNCDDHQGLLKKMGRDISEARPDITHQCLLTLLDSPINKAGKLQVYIQTSRGILIEVNPTVRIPRTFKRFSGLMVQLLHKLSIRSVNSEEKLLKVIKNPITDHLPTKCRKVTLSFDAPVIRVQDYIEKLDDDESICVFVGAMARGKDNFADEYVDEKVGLSNYPLSASVACSKFCHGAEDAWNIL,,"0,662","0,50165117",
MKCTIPEQQKVILIDEIGGYDVIKYEDYPVPSISEEELLIKNKYTGVNYIESYFRKGIYPCEKPYVLGREASGTVVAKGKGVTNFEVGDQVAYISNSTFAQYSKISSQGPVMKLPKGTSDEELKLYAAGLLQVLTALSFTNEAYHVKKGDYVLLFAAAGGVGLILNQLLKMKGAHTIAVASTDEKLKIAKEYGAEYLINASKEDILRQVLKFTNGKGVDASFDSVGKDTFEISLAALKRKGVFVSFGNASGLIPPFSITRLSPKNITLVRPQLYGYIADPEEWKYYSDEFFGLVNSKKLNIKIYKTYPLRDYRTAAADIESRKTVGKLVLEIPQ,,"0,427","0,71854883",
MPALLKRLLFQVGPHPNERTFTLSSVSTDGHYISLRPFVKPSGDELSFPFEWAFAGTNETVKANDQGNGVVTQDFNFWLDTNVYLNVPNTHRGEVNTTWKNWDSGCVEETGAVYPFGADKESVSFRELWQPVDPSREDLVIVSPNNEKFSSNARSIVLKVTDEAYDGLVIVIGRWIQGFLSQKNNNTIEGLNFIRLLEKDSGKSEFLLSYGKEVNKIPQSYENLKKGSTVTSNGLNWEVIEYHA,1,"0,951","0,645849",1
MNTVPFTSAPIEVTIGIDQYSFNVKENQPFHGIKDIPIGHVHVIHFQHADNSSMRYGYWFDCRMGNFYIQYDPKDGLYKMMEERDGAKFENIVHNFKERQMMVSYPKIDEDDTWYNLTEFVQMDKIRKIVRKDENQFSYVDSSMTTVQENELLKSSLQKAGSKMEAKNEDDPAHSLNYTVINFKSREAIRPGHEMEDFLDKSYYLNTVMLQGIFKNSSNYFGELQFAFLNAMFFGNYGSSLQWHAMIELICSSATVPKHMLDKLDEILYYQIKTLPEQYSDILLNERVWNICLYSSFQKNSLHNTEKIMENKYPELLGKDNEDDALIYGISDEERDDEDDEHNPTIVGGLYYQRP,,"0,528","0,58790123",
MMGRGKLILIEGLDRTGKTTQCNILYKKLQPNCKLLKFPERSTRIGGLINEYLTDDSFQLSDQAIHLLFSANRWEIVDKIKKDLLEGKNIVMDRYVYSGVAYSAAKGTNGMDLDWCLQPDVGLLKPDLTLFLSTQDVDNNAEKSGFGDERYETVKFQEKVKQTFMKLLDKEIRKGDESITIVDVTNKGIQEVEALIWQIVEPVLSTHIDHDKFSFF,1,"0,846","0,61934245",1
MPLFDLISPKAFVKLVASEKVHRIVPVDATWYLPSWKLDNKVDFLTKPRIPNSIFFDIDAISDKKSPYPHMFPTKKVFDDAMSNLGVQKDDILVVYDRVGNFSSPRCAWTLGVMGHPKVYLLNNFNQYREFKYPLDSSKVAAFSPYPKSHYESSESFQDKEIVDYEEMFQLVKSGELAKKFNAFDARSLGRFEGTEPEPRSDIPSGHIPGTQPLPYGSLLDPETKTYPEAGEAIHATLEKALKDFHCTLDPSKPTICSCGTGVSGVIIKTALELAGVPNVRLYDGSWTEWVLKSGPEWIAENRD,0,"0,179","0,6100849",1
MSQFEKQKEQGNSLFKQGLYREAVHCYDQLITAQPQNPVGYSNKAMALIKLGEYTQAIQMCQQGLRYTSTAEHVAIRSKLQYRLELAQGAVGSVQIPVVEVDELPEGYDRS,1,"0,897","0,85003775",1
MSCLVLPLVSVGNIPQLSIDWLLNSQANEWEYLEALDSKYLVEFVGPLDRPEDGSDSLYKDADMKYSSALEVFYNKKRGLFAIQQRTPLVSVNYLNNFIVEIILPFLSKYNISEICIWDSLYAMEDENGVIVRPQEVYSLGEFYFDDEAELLSNLHLNDQESMVNNWLHFTPTSFQDKISVDQPIFKILFQILNASQRPKALRSIKYCSCLANEGDNSLDSQQFLQWIISQKVIKNAPPIVKFVRPISWQGAYGMADARDKFVDLYN,,"0,546","0,38218337",
MLFKQWNDLPEPKHLLDLPEISKNLQSLEVCPVPKVEFPQDLDVPQYSTAVITTKIMNPLFPKNLLQLTSIGEIKTTLTVKSPSLPQSSGKHSWNYDENFPNEVDPDQKNDTADETVYGFSFPIYSFGKTLLFSMEENFISISPIFGNMISRSIISQLAQFSPDIIVIGTSDKIASMKVMTENECTLQPPEFITGFIGSVLTQLIVGPSKGLKFKCLVAPSEGPNGFEKLSLSDMGSLVDLCGQWLGFEPSRYSEECYRLWRCDSAAIGAQSGLYI,,"0,669","0,6051369",
MTLPESKDFSYLFSDETNARKPSPLKTCIHLFQDPNIIFLGGGLPLKDYFPWDNLSVDSPKPPFPQGIGAPIDEQNCIKYTVNKDYADKSANPSNDIPLSRALQYGFSAGQPELLNFIRDHTKIIHDLKYKDWDVLATAGNTNAWESTLRVFCNRGDVILVEAHSFSSSLASAEAQGVITFPVPIDADGIIPEKLAKVMENWTPGAPKPKLLYTIPTGQNPTGTSIADHRKEAIYKIAQKYDFLIVEDEPYYFLQMNPYIKDLKEREKAQSSPKQDHDEFLKSLANTFLSLDTEGRVIRMDSFSKVLAPGTRLGWITGSSKILKPYLSLHEMTIQAPAGFTQVLVNATLSRWGQKGYLDWLLGLRHEYTLKRDCAIDALYKYLPQSDAFVINPPIAGMFFTVNIDASVHPEFKTKYNSDPYQLEQSLYHKVVERGVLVVPGSWFKSEGETEPPQPAESKEVSNPNIIFFRGTYAAVSPEKLTEGLKRLGDTLYEEFGISK,,"0,38","0,51008296",
MKCRVWSEARVYTNINKQRTEEYWDYENTVIDWSTNTKDYEIENKVGRGKYSEVFQGVKLDSKVKIVIKMLKPVKKKKIKREIKILTDLSNEKVPPTTLPFQKDQYYTNQKEDVLKFIRPYIFDQPHNGHANIIHLFDIIKDPISKTPALVFEYVDNVDFRILYPKLTDLEIRFYMFELLKALDYCHSMGIMHRDVKPHNVMIDHKNKKLRLIDWGLAEFYHVNMEYNVRVASRFFKGPELLVDYRMYDYSLDLWSFGTMLASMIFKREPFFHGTSNTDQLVKIVKVLGTSDFEKYLLKYEITLPREFYDMDQYIRKPWHRFINDGNKHLSGNDEIIDLIDNLLRYDHQERLTAKEAMGHPWFAPIREQIEK,0,"0,014","0,39017993",0
MSVFVSGANGFIAQHIVDLLLKEDYKVIGSARSQEKAENLTEAFGNNPKFSMEVVPDISKLDAFDHVFQKHGKDIKIVLHTASPFCFDITDSERDLLIPAVNGVKGILHSIKKYAADSVERVVLTSSYAAVFDMAKENDKSLTFNEESWNPATWESCQSDPVNAYCGSKKFAEKAAWEFLEENRDSVKFELTAVNPVYVFGPQMFDKDVKKHLNTSCELVNSLMHLSPEDKIPELFGGYIDVRDVAKAHLVAFQKRETIGQRLIVSEARFTMQDVLDILNEDFPVLKGNIPVGKPGSGATHNTLGATLDNKKSKKLLGFKFRNLKETIDDTASQILKFEGRI,1,"0,714","0,6896394",1
MKFLTTNFLKCSVKACDTSNDNFPLQYDGSKCQLVQDESIEFNPEFLLNIVDRVDWPAVLTVAAELGNNALPPTKPSFPSSIQELTDDDMAILNDLHTLLLQTSIAEGEMKCRNCGHIYYIKNGIPNLLLPPHLV,1,"0,824","0,7919492",1
MPINIRRATINDIICMQNANLHNLPENYMMKYYMYHILSWPEASFVATTTTLDCEDSDEQDENDKLELTLDGTNDGRTIKLDPTYLAPGEKLVGYVLVKMNDDPDQQNEPPNGHITSLSVMRTYRRMGIAENLMRQALFALREVHQAEYVSLHVRQSNRAALHLYRDTLAFEVLSIEKSYYQDGEDAYAMKKVLKLEELQISNFTHRRLKENEEKLEDDLESDLLEDIIKQGVNDIIV,1,"0,862","0,69228417",1
MSQLPTDFASLIKRFQFVSVLDSNPQTKVMSLLGTIDNKDAIITAEKTHFLFDETVRRPSQDGRSTPVLYNCENEYSCINGIQELKEITSNDIYYWGLSVIKQDMESNPTAKLNLIWPATPIHIKKYEQQNFHLVRETPEMYKRIVQPYIEEMCNNGRLKWVNNILYEGAESERVVYKDFSEENKDDGFLILPDMKWDGMNLDSLYLVAIVYRTDIKTIRDLRYSDRQWLINLNNKIRSIVPGCYNYAVHPDELRILVHYQPSYYHFHIHIVNIKHPGLGNSIAAGKAILLEDIIEMLNYLGPEGYMNKTITYAIGENHDLWKRGLEEELTKQLERDGIPKIPKIVNGFK,,"0,37","0,5912238",
MNHDPFSWGRPADSTYGAYNTQIANAGASPMVNTQQPIVTGTSVISMKYDNGVIIAADNLGSYGSLLRFNGVERLIPVGDNTVVGISGDISDMQHIERLLKDLVTENAYDNPLADAEEALEPSYIFEYLATVMYQRRSKMNPLWNAIIVAGVQSNGDQFLRYVNLLGVTYSSPTLATGFGAHMANPLLRKVVDRESDIPKTTVQVAEEAIVNAMRVLYYRDARSSRNFSLAIIDKNTGLTFKKNLQVENMKWDFAKDIKGYGTQKI,0,"0,185","0,4967721",0
MSGYDRALSIFSPDGHIFQVEYALEAVKRGTCAVGVKGKNCVVLGCERRSTLKLQDTRITPSKVSKIDSHVVLSFSGLNADSRILIEKARVEAQSHRLTLEDPVTVEYLTRYVAGVQQRYTQSGGVRPFGVSTLIAGFDPRDDEPKLYQTEPSGIYSSWSAQTIGRNSKTVREFLEKNYDRKEPPATVEECVKLTVRSLLEVVQTGAKNIEITVVKPDSDIVALSSEEINQYVTQIEQEKQEQQEQDKKKKSNH,,"0,388","0,5830871",
MEEQREILEQLKKTLQMLTVEPSKNNQIANEEKEKKENENSWCILEHNYEDIAQEFIDFIYKNPTTYHVVSFFAELLDKHNFKYLSEKSNWQDSIGEDGGKFYTIRNGTNLSAFILGKNWRAEKGVGVIGSHVDALTVKLKPVSFKDTAEGYGRIAVAPYGGTLNELWLDRDLGIGGRLLYKKKGTNEIKSALVDSTPLPVCRIPSLAPHFGKPAEGPFDKEDQTIPVIGFPTPDEEGNEPPTDDEKKSPLFGKHCIHLLRYVAKLAGVEVSELIQMDLDLFDVQKGTIGGIGKHFLFAPRLDDRLCSFAAMIALICYAKDVNTEESDLFSTVTLYDNEEIGSLTRQGAKGGLLESVVERSSSAFTKKPVDLHTVWANSIILSADVNHLYNPNFPEVYLKNHFPVPNVGITLSLDPNGHMATDVVGTALVEELARRNGDKVQYFQIKNNSRSGGTIGPSLASQTGARTIDLGIAQLSMHSIRAATGSKDVGLGVKFFNGFFKHWRSVYDEFGEL,1,"0,975","0,5654067",1
MSTLAEVYTIIEDAEQECRKGDFTNAKAKYQEAIEVLGPQNENLSQNKLSSDVTQAIDLLKQDITAKIQELELLIEKQSSEENNIGMVNNNMLIGSVILNNKSPINGISNARNWDNPAYQDTLSPINDPLLMSILNRLQFNLNNDIQLKTEGGKNSKNSEMKINLRLEQFKKELVLYEQKKFKEYGMKIDEITKENKKLANEIGRLRERWDSLVESAKQRRDKQKN,1,"0,879","0,75204426",1
MQQDIVNDHQEEAQGWKWEQIKEIIESGELARLKRSRQMTDKYHEHKKRTAGLDMNQYVLQKLGWSLDEPQLENAAAKAFSSSTLYAVRANDFPYNFEPGVVHLVLWSKVALPVHSPDKAVREAARARMNAFLQAQPLLRPLLSSGHVAWFVNYPELQSVARIFHAHVLLFFPRERYSAEQVKTTVDDILSHGFEPLA,1,"1,122","0,7413814",1
MTTNDTYEATYAIPMHCENCVNDIKACLKNVPGINSLNFDIEQQIMSVESSVAPSTIINTLRNCGKDAIIRGAGKPNSSAVAILETFQKYTIDQKKDTAVRGLARIVQVGENKTLFDITVNGVPEAGNYHASIHEKGDVSKGVESTGKVWHKFDEPIECFNESDLGKNLYSGKTFLSAPLPTWQLIGRSFVISKSLNHPENEPSSVKDYSFLGVIARSAGVWENNKQVCACTGKTVWEERKDALANNIK,1,"1,007","0,80348665",1
MQVKSIKMRWESGGVNYCYLLSDSKNKKSWLIDPAEPPEVLPELTEDEKISVEAIVNTHHHYDHADGNADILKYLKEKNPTSKVEVIGGSKDCPKVTIIPENLKKLHLGDLEITCIRTPCHTRDSICYYVKDPTTDERCIFTGDTLFTAGCGRFFEGTGEEMDIALNNSILETVGRQNWSKTRVYPGHEYTSDNVKFVRKIYPQVGENKALDELEQFCSKHEVTAGRFTLKDEVEFNPFMRLEDPKVQKAAGDTNNSWDRAQIMDKLRAMKNRM,1,"0,895","0,7198154",1
MSAKSFEVTDPVNSSLKGFALANPSITLVPEEKILFRKTDSDKIALISGGGSGHEPTHAGFIGKGMLSGAVVGEIFASPSTKQILNAIRLVNENASGVLLIVKNYTGDVLHFGLSAERARALGINCRVAVIGDDVAVGREKGGMVGRRALAGTVLVHKIVGAFAEEYSSKYGLDGTAKVAKIINDNLVTIGSSLDHCKVPGRKFESELNEKQMELGMGIHNEPGVKVLDPIPSTEDLISKYMLPKLLDPNDKDRAFVKFDEDDEVVLLVNNLGGVSNFVISSITSKTTDFLKENYNITPVQTIAGTLMTSFNGNGFSITLLNATKATKALQSDFEEIKSVLDLLNAFTNAPGWPIADFEKTSAPSVNDDLLHNEVTAKAVGTYDFDKFAEWMKSGAEQVIKSEPHITELDNQVGDGDCGYTLVAGVKGITENLDKLSKDSLSQAVAQISDFIEGSMGGTSGGLYSILLSGFSHGLIQVCKSKDEPVTKEIVAKSLGIALDTLYKYTKARKGSSTMIDALEPFVKEFTASKDFNKAVKAAEEGAKSTATFEAKFGRASYVGDSSQVEDPGAVGLCEFLKGVQSAL,1,"0,744","0,769732",1
MPFVKDFKPQALGDTNLFKPIKIGNNELLHRAVIPPLTRMRAQHPGNIPNRDWAVEYYAQRAQRPGTLIITEGTFPSPQSGGYDNAPGIWSEEQIKEWTKIFKAIHENKSFAWVQLWVLGWAAFPDTLARDGLRYDSASDNVYMNAEQEEKAKKANNPQHSITKDEIKQYVKEYVQAAKNSIAAGADGVEIHSANGYLLNQFLDPHSNNRTDEYGGSIENRARFTLEVVDAVVDAIGPEKVGLRLSPYGVFNSMSGGAETGIVAQYAYVLGELERRAKAGKRLAFVHLVEPRVTNPFLTEGEGEYNGGSNKFAYSIWKGPIIRAGNFALHPEVVREEVKDPRTLIGYGRFFISNPDLVDRLEKGLPLNKYDRDTFYKMSAEGYIDYPTYEEALKLGWDKN,,"0,514","0,643337",
MSWRYALKNYVTSPETVNDDTVTYFDDKVSIIRDSFPKSECHLLILPRTMQLSRSHPTKVIDAKFKNEFESYVNSAIDHIFRHFQEKFRIKKSDDDKDPCWDDILKDKNKFVRNFVQVGIHSVPSMANLHIHVISKDFHSVRLKNKKHYNSFNTGFFISWDDLPLNGKNLGTDKEIETTYLKEHDLLCCYCQRNFSNKFSLLKKHLELEFNSHFELK,,"0,594","0,53279567",
MEKALELDGEYPESLRDEFNIPTFKSMGLSSDDKPVTYLCGNSLGLMPKSTRNSINAELDAWSDCAVESHFKHPEEARGKVPWVSIDLPILPLLAPIVGAQENEVAVMNSLTANLNSLLITFYKPTEKRFKILFEKGSFPSDYYAFYNQCKIHGISEPENVFIQIEPREGETYIRTQDILDTIEVNQDELALVCLSGVQYYTGQYFDIGRITSFAHQFPDILVGWDLAHAVGNVPLQLHDWGVDFACWCSYKYLNAGPGGIGGLFVHSKHTKPDPAKESLPRLAGWWGNDPAKRFQMLEVFEPIPGALGFRQSNPSVIDTVALRSSLELFAKFNGINEVRKRSLLLTNYMTELLEASKYYKHPLRIEKLPCFFTILTPTSTDEEHGAQLSLYFDSDTGKEDIMPKVFQYLHDHGVIGDARRPNVIRLAPAPLYNTFSDVYIAVNALNEAMDKL,,"0,32","0,47751272",
MTASLTTKFLNNTYENPFMNASGVHCMTTQELDELANSKAGAFITKSATTLEREGNPEPRYISVPLGSINSMGLPNEGIDYYLSYVLNRQKNYPDAPAIFFSVAGMSIDENLNLLRKIQDSEFNGITELNLSCPNVPGKPQVAYDFDLTKETLEKVFAFFKKPLGVKLPPYFDFAHFDIMAKILNEFPLAYVNSINSIGNGLFIDVEKESVVVKPKNGFGGIGGEYVKPTALANVRAFYTRLRPEIKVIGTGGIKSGKDAFEHLLCGASMLQIGTELQKEGVKIFERIEKELKDIMEAKGYTSIDQFRGKLNSI,1,"0,765","0,6066752",1
MSFFNRSNTTSALGTSTAMANEKDLANDIVINSPAEDSISDIAFSPQQDFMFSASSWDGKVRIWDVQNGVPQGRAQHESSSPVLCTRWSNDGTKVASGGCDNALKLYDIASGQTQQIGMHSAPIKVLRFVQCGPSNTECIVTGSWDKTIKYWDMRQPQPVSTVMMPERVYSMDNKQSLLVVATAERHIAIINLANPTTIFKATTSPLKWQTRCVACYNEADGYAIGSVEGRCSIRYIDDGMQKKSGFSFKCHRQTNPNRAPGSNGQSLVYPVNSIAFHPLYGTFVTAGGDGTFNFWDKNQRHRLKGYPTLQASIPVCSFNRNGSVFAYALSYDWHQGHMGNRPDYPNVIRLHATTDEEVKEKKKR,0,"0,063","0,36063477",0
MGNFPAPKNDLILRAAKGEKVERPPCWIMRQAGRYLPEYHEVKNNRDFFQTCRDAEIASEITIQPVRRYRGLIDAAIIFSDILVIPQAMGMRVEMLEGKGPHFPEPLRNPEDLQTVLDYKVDVLKELDWAFKAITMTRIKLDGEVPLFGFCGGPWTLMVYMTEGGGSRLFRFAKQWINMYPELSHKLLQKITDVAVEFLSQQVVAGAQILQVFESWGGELSSVDFDEFSLPYLRQIAERVPKRLQELGIMEQIPMIVFAKGSWYALDKLCCSGFDVVSLDWSWDPREAVKINKNRVTLQGNLDPGVMYGSKEVITKKVKQMIEAFGGGKSRYIVNFGHGTHPFMDPDVIKFFLEECHRIGSK,,"0,312","0,36718315",
MFKKFTREDVHSRSKVKSSIQRTLKAKLVKQYPKIEDVIDELIPKKSQIELIKCEDKIQLYSVDGEVLFFQKFDELIPSLKLVHKFPEAYPTVQVDRGAIKFVLSGANIMCPGLTSAGADLPPAPGYEKGTIVVINAENKENALAIGELMMGTEEIKSVNKGHSIELIHHLGDPLWNFSVE,1,"0,769","0,84425616",1
MVKVYIHDNKVDSDYRAPHNSGTELSLDELAKLGVIYKYCANEEEVNEIARQREYKNRDVVNICEGSFKSEAEFNEKLATFYQEHLHEDEEIRYCLEGAGYFDVRDASTPENWIRCLVESGDLLILPPGIYHRFTLTTSNHIKALRLFKDEPKWQAINRSNQADSLPVRKDYIALINQY,1,"0,935","0,86022305",1
MSLSPVVVIGTGLAGLAAANELVNKYNIPVTILEKASSIGGNSIKASSGINGACTETQRHFHIEDSPRLFEDDTIKSAKGKGVQELMAKLANDSPLAIEWLKNEFDLKLDLLAQLGGHSVARTHRSSGKLPPGFEIVSALSNNLKKLAETKPELVKINLDSKVVDIHEKDGSISAVVYEDKNGEKHMVSANDVVFCSGGFGFSKEMLKEYAPELVNLPTTNGQQTTGDGQRLLQKLGADLIDMDQIQVHPTGFIDPNDRSSSWKFLAAESLRGLGGILLNPITGRRFVNELTTRDVVTAAIQKVCPQEDNRALLVMGEKMYTDLKNNLDFYMFKKLVQKLTLSQVVSEYNLPITVAQLCEELQTYSSFTTKADPLGRTVILNEFGSDVTPETVVFIGEVTPVVHFTMGGARINVKAQVIGKNDERLLKGLYAAGEVSGGVHGANRLGGSSLLECVVFGRTAAESIANDRK,1,"0,867","0,5766302",1
MSIAEFAYKEKPETLVLFDVDGTLTPARLTVSEEVRKTLAKLRNKCCIGFVGGSDLSKQLEQLGPNVLDEFDYSFSENGLTAYRLGKELASQSFINWLGEEKYNKLAVFILRYLSEIDLPKRRGTFLEFRNGMINVSPIGRNASTEERNEFERYDKEHQIRAKFVEALKKEFPDYGLTFSIGGQISFDVFPAGWDKTYCLQHVEKDGFKEIHFFGDKTMVGGNDYEIFVDERTIGHSVQSPDDTVKILTELFNL,1,"0,887","0,75754887",1
MVNVVLGSQWGDEGKGKLVDLLVGKYDIVARCAGGNNAGHTIVVDGVKYDFHMLPSGLVNPNCQNLLGNGVVIHVPSFFKELETLEAKGLKNARSRLFVSSRAHLVFDFHQVTDKLRELELSGRSKDGKNIGTTGKGIGPTYSTKASRSGLRVHHLVNDQPGAWEEFVARYKRLLETRRQRYGDFEYDFEAKLAEYKKLREQLKPFVVDSVVFMHNAIEAKKKILVEGANALMLDIDFGTYPYVTSSNTGIGGVLTGLGIPPRTIDEIYGVVKAYTTRVGEGPFPTEQLNENGEKLQTIGAEFGVTTGRKRRCGWLDLVVLKYSTLINGYTSLNITKLDVLDTFKEIPVGISYSIQGKKLDLFPEDLNILGKVEVEYKVLPGWDQDITKITKYEDLPENAKKYLKYIEDFVGVPVEWVGTGPARESMLHKEIK,,"0,379","0,4826421",
MTDTKQLFIEAGQSQLFHNWESLSRKDQEELLSNLEQISSKRSPAKLLEDCQNAIKFSLANSSKDTGVEISPLPPTSYESLIGNSKKENEYWRLGLEAIGKGEVAVILMAGGQGTRLGSSQPKGCYDIGLPSKKSLFQIQAEKLIRLQDMVKDKKVEIPWYIMTSGPTRAATEAYFQEHNYFGLNKEQITFFNQGTLPAFDLTGKHFLMKDPVNLSQSPDGNGGLYRAIKENKLNEDFDRRGIKHVYMYCVDNVLSKIADPVFIGFAIKHGFELATKAVRKRDAHESVGLIATKNEKPCVIEYSEISNELAEAKDKDGLLKLRAGNIVNHYYLVDLLKRDLDQWCENMPYHIAKKKIPAYDSVTGKYTKPTEPNGIKLEQFIFDVFDTVPLNKFGCLEVDRCKEFSPLKNGPGSKNDNPETSRLAYLKLGTSWLEDAGAIVKDGVLVEVSSKLSYAGENLSQFKGKVFDRSGIVLEK,1,"0,814","0,6811571",1
MDVPADSHIKYEDAIDYWTDVDATVDGVLGGYGEGTVVPTMDVLGSNNFLRKLKSRMLPQENNVKYAVDIGAGIGRVSKTMLHKHAAKIDLVEPVKPFIEQMHVELAELKDKGQIGQIYEVGMQDWTPDAGKYWLIWCQWCVGHLPDAELVAFLKRCIVGLQPNGTIVVKENNTPTDTDDFDETDSSVTRSDAKFRQIFEEAGLKLIASERQRGLPRELYPVRMYALKPMPN,1,"0,784","0,6231622",1
MGLLSIIRKQKLRDKEIRCLILGLDNSGKSTIVNKLLPKDEQNNDGIMPTVGFQIHSLMIKDVTISLWDIGGQRTLRPFWDNYFDKTQAMIWCIDVSLSMRFDETLQELKELINRDENRIGYECAVIVVLNKIDLVEDKSELHRRCLLVESELKCLFKPDIRIELVKCSGVTGEGIDNLRDRLVESCHFTQ,,"0,582","0,7017477",
MAQEITHPTIVDGWFREISDTMWPGQAMTLKVEKVLHHEKSKYQDVLIFKSTTYGNVLVLDNVIQATERDEFAYQEMIAHLALNSHPNPKKVLVIGGGDGGVLREVVKHDSVEEAWLCDIDEAVIRLSKEYLPEMAASYSHPKVKTHIGDGFQFLRDYQNTFDVIITDSSDPEGPAETLFQKEYFQLLNSALTEKGVITTQAESMWIHLPIIKDLKKACSEVFPVAEYSFVTIPTYPTGTIGFMVCSKDKTCNVKKPLREISDEKEAELYRYYNKKIHEASFVLPTWAAKELN,1,"0,978","0,5387747",1
MLDINQFIEDKGGNPELIRQSQKARNASVEIVDEIISDYKDWVKTRFELDELNKKFNKLQKDIGLKFKNKEDASGLLAEKEKLTQQKKELTEKEQQEDKDLKKKVFQVGNIVHPSVVVSNDEENNELVRTWKPEDLEAVGPIASVTGKPASLSHHEILLRLDGYDPDRGVKICGHRGYFFRNYGVFLNQALINYGLQFLAAKGYIPLQAPVMMNKELMSKTAQLSEFDEELYKVIDGEDEKYLIATSEQPISAYHSGEWFEKPQEQLPIHYVGYSSCFRREAGSHGKDAWGVFRVHAFEKIEQFVITEPEKSWEEFEKMISYSEEFYKSLKLPYRIVGIVSGELNNAAAKKYDLEAWFPYQKEYKELVSCSNCTDYQSRNLEIRCGIKKMGDREKKYVHCLNSTLAATQRALCCILENYQTEDGLVVPEVLRKYIPGEPEFLPFVNELPKNSTSSKDKKKKN,,"0,49","0,6551138",
MPTLYTDIEIPQLKISLKQPLGLFINNEFCPSSDGKTIETVNPATGEPITSFQAANEKDVDKAVKAARAAFDNVWSKTSSEQRGIYLSNLLKLIEEEQDTLAALETLDAGKPYHSNAKGDLAQILQLTRYFAGSADKFDKGATIPLTFNKFAYTLKVPFGVVAQIVPWNYPLAMACWKLQGALAAGNTVIIKPAENTSLSLLYFATLIKKAGFPPGVVNIVPGYGSLVGQALASHMDIDKISFTGSTKVGGFVLEASGQSNLKDVTLECGGKSPALVFEDADLDKAIDWIAAGIFYNSGQNCTANSRVYVQSSIYDKFVEKFKETAKKEWDVAGKFDPFDEKCIVGPVISSTQYDRIKSYIERGKREEKLDMFQTSEFPIGGAKGYFIPPTIFTDVPQTSKLLQDEIFGPVVVVSKFTNYDDALKLANDTCYGLASAVFTKDVKKAHMFARDIKAGTVWINSSNDEDVTVPFGGFKMSGIGRELGQSGVDTYLQTKAVHINLSLDN,,"0,358","0,54824376",
MSLEREEPQHFGAGPAQMPTPVLQQAAKDLINFNDIGLGIGEISHRSKDATKVIEDSKKHLIELLNIPDTHEVFYLQGGGTTGFSSVATNLAAAYVGKHGKIAPAGYLVTGSWSQKSFEEAKRLHVPAEVIFNAKDYNNGKFGKIPDESLWEDKIKGKAFSYVYLCENETVHGVEWPELPKCLVNDPNIEIVADLSSDILSRKIDVSQYGVIMAGAQKNIGLAGLTLYIIKKSILKNISGASDETLHELGVPITPIAFDYPTVVKNNSAYNTIPIFTLHVMDLVFQHILKKGGVEAQQAENEEKAKILYEALDANSDFYNVPVDPKCRSKMNVVFTLKKDGLDDQFLKEAAARHLTGLKGHRSVGGFRASIYNALSVKAVQNLVDFIKEFAEKNA,,"0,561","0,7080921",
MCQATNGPSRVVTKKHRKFFERHLQLLPSSHQGHDVNRMAIIFYSISGLSIFDVNVSAKYGDHLGWMRKHYIKTVLDDTENTVISGFVGSLVMNIPHATTINLPNTLFALLSMIMLRDYEYFETILDKRSLARFVSKCQRPDRGSFVSCLDYKTNCGSSVDSDDLRFCYIAVAILYICGCRSKEDFDEYIDTEKLLGYIMSQQCYNGAFGAHNEPHSGYTSCALSTLALLSSLEKLSDKFKEDTITWLLHRQVSSHGCMKFESELNASYDQSDDGGFQGRENKFADTCYAFWCLNSLHLLTKDWKMLCQTELVTNYLLDRTQKTLTGGFSKNDEEDADLYHSCLGSAALALIEGKFNGELCIPQEIFNDFSKRCCF,0,"0,184","0,31668028",0
MTSTLHTTKKVLSIQSHVIHGYVGNKAATFPLQYRGWDVDVLNTVQFSNHSGYAHFTGFKCSTEELVDIVEKGLIGSLRIKYDAVLSGYLPNVQALQKVAGIVGQLCEGSENVKWILDPVLGDNGRLYVDRECVAVYQDILQNFKIFLATPNQFEMELLVGMSIRTLDDAKQAFKLFHKKYPRVSRIVVTSLELSEFLSNDTYVVAGFDCSASEEIFFYEIPKINAKFSGSGDLISAMLTDSLLGDRRCTQLSLSASLGQVLWLVTSILQKTYDLNIAERGPQDSTIDIKDLKLIQCRDILKQDLIPSIGKPKTIKI,0,"0,237","0,42686862",0
MKYVVVSGGVISGIGKGVLASSTGMLMKTLGLKVTSIKIDPYMNIDAGTMSPLEHGECFVLDDGGETDLDLGNYERYLGVTLTKDHNITTGKIYSHVIAKERKGDYLGKTVQIVPHLTNAIQDWIERVAKIPVDDTGMEPDVCIIELGGTVGDIESAPFVEALRQFQFKVGKENFALIHVSLVPVIHGEQKTKPTQAAIKGLRSLGLVPDMIACRCSETLDKPTIDKIAMFCHVGPEQVVNVHDVNSTYHVPLLLLEQKMIDYLHARLKLDEISLTEEEKQRGLELLSKWKATTGNFDESMETVKIALVGKYTNLKDSYLSVIKALEHSSMKCRRKLDIKWVEATDLEPEAQESNKTKFHEAWNMVSTADGILIPGGFGVRGTEGMVLAARWARENHIPFLGVCLGLQIATIEFTRSVLGRKDSHSAEFYPDIDEKNHVVVFMPEIDKETMGGSMRLGLRPTFFQNETEWSQIKKLYGDVSEVHERHRHRYEINPKMVDELENNGLIFVGKDDTGKRCEILELKNHPYYIATQYHPEYTSKVLDPSKPFLGLVAASAGILQDVIEGKYDLEAGENKFNF,1,"0,792","0,44260702",0
MSAATVGKPIKCIAAVAYDAKKPLSVEEITVDAPKAHEVRIKIEYTAVCHTDAYTLSGSDPEGLFPCVLGHEGAGIVESVGDDVITVKPGDHVIALYTAECGKCKFCTSGKTNLCGAVRATQGKGVMPDGTTRFHNAKGEDIYHFMGCSTFSEYTVVADVSVVAIDPKAPLDAACLLGCGVTTGFGAALKTANVQKGDTVAVFGCGTVGLSVIQGAKLRGASKIIAIDINNKKKQYCSQFGATDFVNPKEDLAKDQTIVEKLIEMTDGGLDFTFDCTGNTKIMRDALEACHKGWGQSIIIGVAAAGEEISTRPFQLVTGRVWKGSAFGGIKGRSEMGGLIKDYQKGALKVEEFITHRRPFKEINQAFEDLHNGDCLRTVLKSDEIK,,"0,626","0,6967631",
MPYTLSDAHHKLITSHLVDTDPEVDSIIKDEIERQKHSIDLIASENFTSTSVFDALGTPLSNKYSEGYPGARYYGGNEHIDRMEILCQQRALKAFHVTPDKWGVNVQTLSGSPANLQVYQAIMKPHERLMGLYLPDGGHLSHGYATENRKISAVSTYFESFPYRVNPETGIIDYDTLEKNAILYRPKVLVAGTSAYCRLIDYKRMREIADKCGAYLMVDMAHISGLIAAGVIPSPFEYADIVTTTTHKSLRGPRGAMIFFRRGVRSINPKTGKEVLYDLENPINFSVFPGHQGGPHNHTIAALATALKQAATPEFKEYQTQVLKNAKALESEFKNLGYRLVSNGTDSHMVLVSLREKGVDGARVEYICEKINIALNKNSIPGDKSALVPGGVRIGAPAMTTRGMGEEDFHRIVQYINKAVEFAQQVQQSLPKDACRLKDFKAKVDEGSDVLNTWKKEIYDWAGEYPLAV,0,"0,207","0,59071606",1
MSSLVTLNNGLKMPLVGLGCWKIDKKVCANQIYEAIKLGYRLFDGACDYGNEKEVGEGIRKAISEGLVSRKDIFVVSKLWNNFHHPDHVKLALKKTLSDMGLDYLDLYYIHFPIAFKYVPFEEKYPPGFYTGADDEKKGHITEAHVPIIDTYRALEECVDEGLIKSIGVSNFQGSLIQDLLRGCRIKPVALQIEHHPYLTQEHLVEFCKLHDIQVVAYSSFGPQSFIEMDLQLAKTTPTLFENDVIKKVSQNHPGSTTSQVLLRWATQRGIAVIPKSSKKERLLGNLEIEKKFTLTEQELKDISALNANIRFNDPWTWLDGKFPTFA,,"0,676","0,5157402",
MVQEIDLGLTCDMHVHVREGAMCELVTPKIRDGGVSIAYIMPNLQPPITTLDRVIEYKKTLQKLAPKTTFLMSFYLSKDLTPDLIHEAAQQHAIRGVKCYPAGVTTNSAAGVDPNDFSAFYPIFKAMQEENLVLNLHGEKPSVHDGDKEPIHVLNAEEAFLPALKKLHNDFPNLKIILEHCTSESAIKTIEDINKNVKKATDVKVAATLTAHHLFLTIDDWAGNPVNFCKPVAKLPNDKKALVKAAVSGKPYFFFGSDSAPHPVQNKANYEGVCAGVYSQSFAIPYIAQVFEEQNALENLKGFVSDFGISFYEVKDSEVASSDKAILFKKEQVIPQVISDGKDISIIPFKAGDKLSWSVRWEPR,1,"0,779","0,5371254",1
MYLGRHFLAMTSKALFDTKILKVNPLSIIFSPDAHIDGSLPTITDPETEAALVEAARIIRDTDETVAFPTETVYGLGGSALNDNSVLSIYRAKNRPSDNPLITHVSSIDQLNRKVFNQPHLSGTSLFDNIPSIYRPLISSLWPGPLTILLPVPSSEHSALSKLTTADQPTFAVRIPANPVARALIALSDTPIAAPSANASTRPSPTLASHVYHDLKDKIPIILDGGACKVGVESTVVDGLCNPPTLLRPGGFTYEEIVKLGGEAWSLCKVENKKTVEKGEKVRTPGMKYRHYSPSAKVVLLVPHCEGDGILKGVDRMERLKRLIETELKANSNIKKIAILTSLKLRDSDLQSKIFNEPDFSSKTFIIERLGQSGEEIQTNLFAALRKVDENDKVDLIFVEGINEEGEGLAVMNRLRKAAANNCIQF,1,"0,722","0,6204819",1
MTIDLASIEKFLCELATEKVGPIIKSKSGTQKDYDLKTGSRSVDIVTAIDKQVEKLIWESVKTQYPTFKFIGEESYVKGETVITDDPTFIIDPIDGTTNFVHDFPFSCTSLGLTVNKEPVVGVIYNPHINLLVSASKGNGMRVNNKDYDYKSKLESMGSLILNKSVVALQPGSAREGKNFQTKMATYEKLLSCDYGFVHGFRNLGSSAMTMAYIAMGYLDSYWDGGCYSWDVCAGWCILKEVGGRVVGANPGEWSIDVDNRTYLAVRGTINNESDEQTKYITDFWNCVDGHLKYD,,"0,423","0,6088221",
MFRIQLRTMSSKTCKSDYPKEFVSFLNSSHSPYHTVHNIKKHLVSNGFKELSERDSWAGHVAQKGKYFVTRNGSSIIAFAVGGKWEPGNPIAITGAHTDSPALRIKPISKRVSEKYLQVGVETYGGAIWHSWFDKDLGVAGRVFVKDAKTGKSIARLVDLNRPLLKIPTLAIHLDRDVNQKFEFNRETQLLPIGGLQEDKTEAKTEKEINNGEFTSIKTIVQRHHAELLGLIAKELAIDTIEDIEDFELILYDHNASTLGGFNDEFVFSGRLDNLTSCFTSMHGLTLAADTEIDRESGIRLMACFDHEEIGSSSAQGADSNFLPNILERLSILKGDGSDQTKPLFHSAILETSAKSFFLSSDVAHAVHPNYANKYESQHKPLLGGGPVIKINANQRYMTNSPGLVLVKRLAEAAKVPLQLFVVANDSPCGSTIGPILASKTGIRTLDLGNPVLSMHSIRETGGSADLEFQIKLFKEFFERYTSIESEIVV,0,"0,277","0,48578987",0
MPLTTKPLSLKINAALFDVDGTIIISQPAIAAFWRDFGKDKPYFDAEHVIHISHGWRTYDAIAKFAPDFADEEYVNKLEGEIPEKYGEHSIEVPGAVKLCNALNALPKEKWAVATSGTRDMAKKWFDILKIKRPEYFITANDVKQGKPHPEPYLKGRNGLGFPINEQDPSKSKVVVFEDAPAGIAAGKAAGCKIVGIATTFDLDFLKEKGCDIIVKNHESIRVGEYNAETDEVELIFDDYLYAKDDLLKW,0,"0,264","0,806691",1
MNVFGKKEEKQEKVYSLQNGFPYSHHPYASQYSRPDGPILLQDFHLLENIASFDRERVPERVVHAKGGGCRLEFELTDSLSDITYAAPYQNVGYKCPGLVRFSTVGGESGTPDTARDPRGVSFKFYTEWGNHDWVFNNTPVFFLRDAIKFPVFIHSQKRDPQSHLNQFQDTTIYWDYLTLNPESIHQITYMFGDRGTPASWASMNAYSGHSFIMVNKEGKDTYVQFHVLSDTGFETLTGDKAAELSGSHPDYNQAKLFTQLQNGEKPKFNCYVQTMTPEQATKFRYSVNDLTKIWPHKEFPLRKFGTITLTENVDNYFQEIEQVAFSPTNTCIPGIKPSNDSVLQARLFSYPDTQRHRLGANYQQLPVNRPRNLGCPYSKGDSQYTAEQCPFKAVNFQRDGPMSYYNFGPEPNYISSLPNQTLKFKNEDNDEVSDKFKGIVLDEVTEVSVRKQEQDQIRNEHIVDAKINQYYYVYGISPLDFEQPRALYEKVYNDEQKKLFVHNVVCHACKIKDPKVKKRVTQYFGLLNEDLGKVIAECLGVPWEPVDLEGYAKTWSIASAN,0,"0,038","0,49810773",0
MTTDNAKAQLTSSSGGNIIVVSNRLPVTITKNSSTGQYEYAMSSGGLVTALEGLKKTYTFKWFGWPGLEIPDDEKDQVRKDLLEKFNAVPIFLSDEIADLHYNGFSNSILWPLFHYHPGEINFDENAWLAYNEANQTFTNEIAKTMNHNDLIWVHDYHLMLVPEMLRVKIHEKQLQNVKVGWFLHTPFPSSEIYRILPVRQEILKGVLSCDLVGFHTYDYARHFLSSVQRVLNVNTLPNGVEYQGRFVNVGAFPIGIDVDKFTDGLKKESVQKRIQQLKETFKGCKIIVGVDRLDYIKGVPQKLHAMEVFLNEHPEWRGKVVLVQVAVPSRGDVEEYQYLRSVVNELVGRINGQFGTVEFVPIHFMHKSIPFEELISLYAVSDVCLVSSTRDGMNLVSYEYIACQEEKKGSLILSEFTGAAQSLNGAIIVNPWNTDDLSDAINEALTLPDVKKEVNWEKLYKYISKYTSAFWGENFVHELYSTSSSSTSSSATKN,1,"0,929","0,51630443",1
MNGLRVAAKIQPARQTIIFLHGLGDTGSGWGFLAQYLQQRDPAAFQHTNFVFPNAPELHVTANGGALMPAWFDILEWDPSFSKVDSDGFMNSLNSIEKTVKQEIDKGIKPEQIIIGGFSQGAALALATSVTLPWKIGGIVALSGFCSIPGILKQHKNGINVKTPIFHGHGDMDPVVPIGLGIKAKQFYQDSCEIQNYEFKVYKGMAHSTVPDELEDLASFIKKSLSS,,"0,631","0,51620924",
MTVPYLNSNRNVASYLQSNSSQEKTLKERFSEIYPIHAQDVRQFVKEHGKTKISDVLLEQVYGGMRGIPGSVWEGSVLDPEDGIRFRGRTIADIQKDLPKAKGSSQPLPEALFWLLLTGEVPTQAQVENLSADLMSRSELPSHVVQLLDNLPKDLHPMAQFSIAVTALESESKFAKAYAQGISKQDYWSYTFEDSLDLLGKLPVIAAKIYRNVFKDGKMGEVDPNADYAKNLVNLIGSKDEDFVDLMRLYLTIHSDHEGGNVSAHTSHLVGSALSSPYLSLASGLNGLAGPLHGRANQEVLEWLFALKEEVNDDYSKDTIEKYLWDTLNSGRVIPGYGHAVLRKTDPRYMAQRKFAMDHFPDYELFKLVSSIYEVAPGVLTEHGKTKNPWPNVDAHSGVLLQYYGLKESSFYTVLFGVSRAFGILAQLITDRAIGASIERPKSYSTEKYKELVKNIESKL,1,"0,781","0,5241107",1
MTEKHKTMGKFKVIVLAGTAGTGKSTIAGELIHEFKDIYPDLKFIEGDDLHPPANVEKMTRGIPLNDDDRWDWLKKVAVESTKAAASTKEHLSIVACSSLKKKYRDLIRHTCPESEFHFIFLYASKIEVLKRLKTRKGHFMKADMMESQFRDLELPDINDETDCDIVPLDFKTFYQIEKDVIQVVKSKVLNIE,1,"0,845","0,8499588",1
MSLPFLTSAPGKVIIFGEHSAVYNKPAVAASVSALRTYLLISESSAPDTIELDFPDISFNHKWSINDFNAITEDQVNSQKLAKAQQATDGLSQELVSLLDPLLAQLSESFHYHAAFCFLYMFVCLCPHAKNIKFSLKSTLPIGAGLGSSASISVSLALAMAYLGGLIGSNDLEKLSENDKHIVNQWAFIGEKCIHGTPSGIDNAVATYGNALLFEKDSHNGTINTNNFKFLDDFPAIPMILTYTRIPRSTKDLVARVRVLVTEKFPEVMKPILDAMGECALQGLEIMTKLSKCKGTDDEAVETNNELYEQLLELIRINHGLLVSIGVSHPGLELIKNLSDDLRIGSTKLTGAGGGGCSLTLLRRDITQEQIDSFKKKLQDDFSYETFETDLGGTGCCLLSAKNLNKDLKIKSLVFQLFENKTTTKQQIDDLLLPGNTNLPWTS,,"0,672","0,5462536",
MLYLIGLGLSYKSDITVRGLEAIKKCSRVYLEHYTSILMAASQEELESYYGKEIILADRELVETGSKQILNNADKEDVAFLVVGDPFGATTHTDLVLRAKREAIPVEIIHNASVMNAVGACGLQLYNFGQTVSMVFFTDNWRPDSWYDKIWENRKIGLHTLVLLDIKVKEQSIENMARGRLIYEPPRYMSIAQCCEQLLEIEEKRGTKAYTPDTPAVAISRLGSSSQSFKSGTISELANYDSGEPLHSLVILGRQCHELELEYLLEFADDKEKFGKDVANDQEYFKPAAWVPPTEDDSDE,1,"0,85","0,6410634",1
MSEQKEDLFKPVGEAAAEVEDESIAEQNKANDGVKLTGAQDAMGHPVQEIESLCMNCGKNGTTRLLLTSIPYFREIIIMSFDCPHCGFKNCEIQPASQIQEKGSRYVLKVECREDFNRQVIKSETATCKFVELDIEIPAKRGQLTTVEGLLSEMIDDLSQDQEMRKSIDEALYKKIDDFIQKVKSYINCEPNTIPITFILDDPAGNSWIEYKPGEPQHKWSHTQYVRTDEQNVQVGIITRDQLEQRRQEQLKQLANRERNPSESVKVGSANPQFLSDATDIENFNNEVQTFRASCPSCTQECETHMKPVNIPHFKEVIIMSTVCDHCGYKSNEVKTGGAIPDKGRRITLYCDDAADLSRDILKSETCSMVIPELHLDIQEGTLGGRFTTLEGLLRQVYEELESRIFTQTSDSMDEATKARWVEFFAKLKEAIAGKVKFTVIMEDPLAGSYIQNVYAPDPDPNMTIEDYERTKEQNEDLGLSDIKVE,1,"1,132","0,87988603",1
MGNIMSASFAPECTDLKTKYDSCFNEWYSEKFLKGKSVENECSKQWYAYTTCVNAALVKQGIKPALDEAREEAPFENGGKLKEVDK,1,"1,099","0,89139706",1
MSSTQVGNALSSSTTTLVDLSNSTVTQKKQYYKDGETLHNLLLELKNNQDLELLPHEQAHPKIFQALKARIGRINNETCDPGEENSFFICDLGEVKRLFNNWVKELPRIKPFYAVKCNPDTKVLSLLAELGVNFDCASKVEIDRVLSMNISPDRIVYANPCKVASFIRYAASKNVMKSTFDNVEELHKIKKFHPESQLLLRIATDDSTAQCRLSTKYGCEMENVDVLLKAIKELGLNLAGVSFHVGSGASDFTSLYKAVRDARTVFDKAANEYGLPPLKILDVGGGFQFESFKESTAVLRLALEEFFPVGCGVDIIAEPGRYFVATAFTLASHVIAKRKLSENEAMIYTNDGVYGNMNCILFDHQEPHPRTLYHNLEFHYDDFESTTAVLDSINKTRSEYPYKVSIWGPTCDGLDCIAKEYYMKHDVIVGDWFYFPALGAYTSSAATQFNGFEQTADIVYIDSELD,1,"0,911","0,47451115",0
MDPIGINKVLDHLAPSELIKPVKSCHNKPSVLVLDDRIVDAATKDLYVNGFQEEIQYQNPTPENLQHMFHQGIEILDSARMINVTHLALWKPSSFKLGNPVDFALDDNYDTFWQSDGGQPHQLDIMFSKRMDICVMAIFFSMIADESYAPSLVKVYAGHSPSDARFYKMLEVRNVNGWVALRFLDNREDDQLLKCQFIRLLFPVNHENGKDTHLRGIRLYVPSNEPHQDTHEWAQTLPETNNVFQDAILR,0,"0,12","0,48391336",0
MGSINNNFNTNNNSNTDLDRDWKTALNIPKKDTRPQTDDVLNTKGNTFEDFYLKRELLMGIFEAGFEKPSPIQEEAIPVAITGRDILARAKNGTGKTAAFVIPTLEKVKPKLNKIQALIMVPTRELALQTSQVVRTLGKHCGISCMVTTGGTNLRDDILRLNETVHILVGTPGRVLDLASRKVADLSDCSLFIMDEADKMLSRDFKTIIEQILSFLPPTHQSLLFSATFPLTVKEFMVKHLHKPYEINLMEELTLKGITQYYAFVEERQKLHCLNTLFSKLQINQAIIFCNSTNRVELLAKKITDLGYSCYYSHARMKQQERNKVFHEFRQGKVRTLVCSDLLTRGIDIQAVNVVINFDFPKTAETYLHRIGRSGRFGHLGLAINLINWNDRFNLYKIEQELGTEIAAIPATIDKSLYVAENDETVPVPFPIEQQSYHQQAIPQQQLPSQQQFAIPPQQHHPQFMVPPSHQQQQAYPPPQMPSQQGYPPQQEHFMAMPPGQSQPQY,0,"0,198","0,51535237",1
MAPTISKRIKTLSVSRPIIYGNTAKKMGSVKPPNAPAEHTHLWTIFVRGPQNEDISYFIKKVVFKLHDTYPNPVRSIEAPPFELTETGWGEFDINIKVYFVEEANEKVLNFYHRLRLHPYANPVPNSDNGNEQNTTDHNSKDAEVSSVYFDEIVFNEPNEEFFKILMSRPGNLLPSNKTDDCVYSKQLEQEEIDRIEIGIEKVDKEIDELKQKLENLVKQEAINGS,1,"0,905","0,67857015",1
MADLPQKVSNLSINNKENGGGGGKSSYVPPHLRSRGKPSFERSTPKQEDKVTGGDFFRRAGRQTGNNGGFFGFSKERNGGTSANYNRGGSSNYKSSGNRWVNGKHIPGPKNAKLEAELFGVHDDPDYHSSGIKFDNYDNIPVDASGKDVPEPILDFSSPPLDELLMENIKLASFTKPTPVQKYSIPIVTKGRDLMACAQTGSGKTGGFLFPLFTELFRSGPSPVPEKAQSFYSRKGYPSALVLAPTRELATQIFEEARKFTYRSWVRPCVVYGGAPIGNQMREVDRGCDLLVATPGRLNDLLERGKVSLANIKYLVLDEADRMLDMGFEPQIRHIVEECDMPSVENRQTLMFSATFPVDIQHLARDFLDNYIFLSVGRVGSTSENITQRILYVDDMDKKSALLDLLSAEHKGLTLIFVETKRMADQLTDFLIMQNFKATAIHGDRTQAERERALSAFKANVADILVATAVAARGLDIPNVTHVINYDLPSDIDDYVHRIGRTGRAGNTGVATSFFNSNNQNIVKGLMEILNEANQEVPTFLSDLSRQNSRGGRTRGGGGFFNSRNNGSRDYRKHGGNGSFGSTRPRNTGTSNWGSIGGGFRNDNEKNGYGNSNASWW,,"0,429","0,5191515",
MRSIKCVIIGDGAVGKTSLLISYTTNSFPTDYVPTVFDNYSTTIAIPNGTASSPLELDNGNDKRGSLSSASSSPSTDRKLYKINLWDTAGQEDYDRLRPLCYPQTDIFLICFSVSEHASFANVTEKWLPELKQTSNIEGTSLYTKLGKYPILLVGTKSDLRDDPATQKKLQEANSDYVSQEEIDELVQRCGFMGYTECSAATQAGVREVFEQAVRYAIYEPESPNQKSANHTLTDELTTATTNTNGDKNIREQKQQPHHNNSTDSTLPKGSLQQEKEALNIKPTKKGQKDKIHEQSKSKGSKIASNNHHNKQAKPKTRNDKKKKKSKCVIL,,"0,546","0,8327934",
MSSSKRRIETDVMKLLMSDHQVDLINDSMQEFHVKFLGPKDTPYENGVWRLHVELPDNYPYKSPSIGFVNKIFHPNIDIASGSICLDVINSTWSPLYDLINIVEWMIPGLLKEPNGSDPLNNEAATLQLRDKKLYEEKIKEYIDKYATKEKYQQMFGGDNDSDDSDSGGDLQEEDSDSDEDMDGTGVSSGDDSVDELSEDLSDIDVSDDDDYDEVANQ,1,"0,795","0,8292771",1