Sequence,Length,Protein
PRTLNAWVK,9,gag
QGPKEPFRD,9,gag
GPKEPFRDY,9,gag
PKEPFRDYV,9,gag
KEPFRDYVD,9,gag
EPFRDYVDR,9,gag
PFRDYVDRF,9,gag
QGPKEPFRDY,10,gag
GPKEPFRDYV,10,gag
PKEPFRDYVD,10,gag
KEPFRDYVDR,10,gag
EPFRDYVDRF,10,gag
QGPKEPFRDYV,11,gag
GPKEPFRDYVD,11,gag
PKEPFRDYVDR,11,gag
KEPFRDYVDRF,11,gag
QGPKEPFRDYVD,12,gag
GPKEPFRDYVDR,12,gag
PKEPFRDYVDRF,12,gag
LLDTGADDT,9,pol
LDTGADDTV,9,pol
LLDTGADDTV,10,pol
MIGGIGGFI,9,pol
IGGIGGFIK,9,pol
GGIGGFIKV,9,pol
MIGGIGGFIK,10,pol
IGGIGGFIKV,10,pol
MIGGIGGFIKV,11,pol
GCTLNFPIS,9,pol
WRKLVDFRE,9,pol
RKLVDFREL,9,pol
KLVDFRELN,9,pol
LVDFRELNK,9,pol
VDFRELNKR,9,pol
DFRELNKRT,9,pol
FRELNKRTQ,9,pol
RELNKRTQD,9,pol
ELNKRTQDF,9,pol
LNKRTQDFW,9,pol
NKRTQDFWE,9,pol
WRKLVDFREL,10,pol
RKLVDFRELN,10,pol
KLVDFRELNK,10,pol
LVDFRELNKR,10,pol
VDFRELNKRT,10,pol
DFRELNKRTQ,10,pol
FRELNKRTQD,10,pol
RELNKRTQDF,10,pol
ELNKRTQDFW,10,pol
LNKRTQDFWE,10,pol
WRKLVDFRELN,11,pol
RKLVDFRELNK,11,pol
KLVDFRELNKR,11,pol
LVDFRELNKRT,11,pol
VDFRELNKRTQ,11,pol
DFRELNKRTQD,11,pol
FRELNKRTQDF,11,pol
RELNKRTQDFW,11,pol
ELNKRTQDFWE,11,pol
WRKLVDFRELNK,12,pol
RKLVDFRELNKR,12,pol
KLVDFRELNKRT,12,pol
LVDFRELNKRTQ,12,pol
VDFRELNKRTQD,12,pol
DFRELNKRTQDF,12,pol
FRELNKRTQDFW,12,pol
RELNKRTQDFWE,12,pol
SVTVLDVGD,9,pol
VTVLDVGDA,9,pol
TVLDVGDAY,9,pol
VLDVGDAYF,9,pol
LDVGDAYFS,9,pol
SVTVLDVGDA,10,pol
VTVLDVGDAY,10,pol
TVLDVGDAYF,10,pol
VLDVGDAYFS,10,pol
SVTVLDVGDAY,11,pol
VTVLDVGDAYF,11,pol
TVLDVGDAYFS,11,pol
SVTVLDVGDAYF,12,pol
VTVLDVGDAYFS,12,pol
FRKYTAFTI,9,pol
RKYTAFTIP,9,pol
KYTAFTIPS,9,pol
FRKYTAFTIP,10,pol
RKYTAFTIPS,10,pol
FRKYTAFTIPS,11,pol
RYQYNVLPQ,9,pol
YQYNVLPQG,9,pol
QYNVLPQGW,9,pol
YNVLPQGWK,9,pol
NVLPQGWKG,9,pol
VLPQGWKGS,9,pol
LPQGWKGSP,9,pol
RYQYNVLPQG,10,pol
YQYNVLPQGW,10,pol
QYNVLPQGWK,10,pol
YNVLPQGWKG,10,pol
NVLPQGWKGS,10,pol
VLPQGWKGSP,10,pol
RYQYNVLPQGW,11,pol
YQYNVLPQGWK,11,pol
QYNVLPQGWKG,11,pol
YNVLPQGWKGS,11,pol
NVLPQGWKGSP,11,pol
RYQYNVLPQGWK,12,pol
YQYNVLPQGWKG,12,pol
QYNVLPQGWKGS,12,pol
YNVLPQGWKGSP,12,pol
DDLYVGSDL,9,pol
WMGYELHPD,9,pol
WTVNDIQKL,9,pol
TVNDIQKLV,9,pol
VNDIQKLVG,9,pol
NDIQKLVGK,9,pol
DIQKLVGKL,9,pol
IQKLVGKLN,9,pol
QKLVGKLNW,9,pol
KLVGKLNWA,9,pol
LVGKLNWAS,9,pol
VGKLNWASQ,9,pol
GKLNWASQI,9,pol
KLNWASQIY,9,pol
WTVNDIQKLV,10,pol
TVNDIQKLVG,10,pol
VNDIQKLVGK,10,pol
NDIQKLVGKL,10,pol
DIQKLVGKLN,10,pol
IQKLVGKLNW,10,pol
QKLVGKLNWA,10,pol
KLVGKLNWAS,10,pol
LVGKLNWASQ,10,pol
VGKLNWASQI,10,pol
GKLNWASQIY,10,pol
WTVNDIQKLVG,11,pol
TVNDIQKLVGK,11,pol
VNDIQKLVGKL,11,pol
NDIQKLVGKLN,11,pol
DIQKLVGKLNW,11,pol
IQKLVGKLNWA,11,pol
QKLVGKLNWAS,11,pol
KLVGKLNWASQ,11,pol
LVGKLNWASQI,11,pol
VGKLNWASQIY,11,pol
WTVNDIQKLVGK,12,pol
TVNDIQKLVGKL,12,pol
VNDIQKLVGKLN,12,pol
NDIQKLVGKLNW,12,pol
DIQKLVGKLNWA,12,pol
IQKLVGKLNWAS,12,pol
QKLVGKLNWASQ,12,pol
KLVGKLNWASQI,12,pol
LVGKLNWASQIY,12,pol
WVPAHKGIG,9,pol
VPAHKGIGG,9,pol
PAHKGIGGN,9,pol
AHKGIGGNE,9,pol
WVPAHKGIGG,10,pol
VPAHKGIGGN,10,pol
PAHKGIGGNE,10,pol
WVPAHKGIGGN,11,pol
VPAHKGIGGNE,11,pol
WVPAHKGIGGNE,12,pol
EFGIPYNPQ,9,pol
FGIPYNPQS,9,pol
GIPYNPQSQ,9,pol
IPYNPQSQG,9,pol
PYNPQSQGV,9,pol
YNPQSQGVV,9,pol
NPQSQGVVE,9,pol
EFGIPYNPQS,10,pol
FGIPYNPQSQ,10,pol
GIPYNPQSQG,10,pol
IPYNPQSQGV,10,pol
PYNPQSQGVV,10,pol
YNPQSQGVVE,10,pol
EFGIPYNPQSQ,11,pol
FGIPYNPQSQG,11,pol
GIPYNPQSQGV,11,pol
IPYNPQSQGVV,11,pol
PYNPQSQGVVE,11,pol
EFGIPYNPQSQG,12,pol
FGIPYNPQSQGV,12,pol
GIPYNPQSQGVV,12,pol
IPYNPQSQGVVE,12,pol
HNFKRKGGI,9,pol
NFKRKGGIG,9,pol
HNFKRKGGIG,10,pol
LLWKGEGAV,9,pol
LWKGEGAVV,9,pol
WKGEGAVVI,9,pol
KGEGAVVIQ,9,pol
GEGAVVIQD,9,pol
LLWKGEGAVV,10,pol
LWKGEGAVVI,10,pol
WKGEGAVVIQ,10,pol
KGEGAVVIQD,10,pol
LLWKGEGAVVI,11,pol
LWKGEGAVVIQ,11,pol
WKGEGAVVIQD,11,pol
LLWKGEGAVVIQ,12,pol
LWKGEGAVVIQD,12,pol
