Epitope ID - IEDB IRI,Epitope - Name,Epitope - Source Organism,Score
http://www.iedb.org/epitope/118,AAEQLWVTVYYGVPVWKEAT,Human immunodeficiency virus 1,0/0
http://www.iedb.org/epitope/332,AANLWVTVY,Human immunodeficiency virus type 1 (CDC-451 ISOLATE),0/1
http://www.iedb.org/epitope/587,ACQGVGGPGHKARVLA,HIV-1 M:B_ARV2/SF2,0/1
http://www.iedb.org/epitope/735,ADNLWVTVY,Human immunodeficiency virus type 1 (ELI ISOLATE),0/1
http://www.iedb.org/epitope/856,AEDLWVTVY,Human immunodeficiency virus type 1 (MAL ISOLATE),0/1
http://www.iedb.org/epitope/1094,AENFWVTVY,Human immunodeficiency virus 1,1/1
http://www.iedb.org/epitope/1100,AENKWVTVY,Human immunodeficiency virus 1,1/1
http://www.iedb.org/epitope/1101,AENLWVTVY,Human immunodeficiency virus 1,6/12
http://www.iedb.org/epitope/1102,AENLWVTVYY,Human immunodeficiency virus 1,7/10
http://www.iedb.org/epitope/1103,AENLYVTVF,Human immunodeficiency virus 1,6/6
http://www.iedb.org/epitope/1123,AEPLWVTVY,Human immunodeficiency virus 1,1/1
http://www.iedb.org/epitope/1129,AEQASQDVKNW,Human immunodeficiency virus 1,0/2
http://www.iedb.org/epitope/1180,AETFYVDGA,Human immunodeficiency virus type 1 (STRAIN UGANDAN / ISOLATE U455),1/2
http://www.iedb.org/epitope/1230,AEWDRVHPV,Human immunodeficiency virus 1,2/2
http://www.iedb.org/epitope/1401,AFSPEVIPMFSALSEGATPQ,Human immunodeficiency virus 1,0/0
http://www.iedb.org/epitope/1622,AGNLWVTVY,Human immunodeficiency virus 1,0/1
http://www.iedb.org/epitope/1906,AIFQCSMTK,Human immunodeficiency virus 1,3/5
http://www.iedb.org/epitope/1913,AIFQSSMTK,Human immunodeficiency virus 1,21/23
http://www.iedb.org/epitope/1914,AIFQSSMTR,Human immunodeficiency virus 1,4/5
http://www.iedb.org/epitope/1955,AIIRILQQL,Human immunodeficiency virus 1,16/21
http://www.iedb.org/epitope/2051,AIPRRIRQGL,"Human immunodeficiency virus type 2 (ISOLATE D205,7)",0/1
http://www.iedb.org/epitope/2248,AKNCRAPRKKGCWRCG,HIV-1 M:B_ARV2/SF2,1/1
http://www.iedb.org/epitope/2254,AKNLWVTVY,Human immunodeficiency virus 1,0/1
http://www.iedb.org/epitope/2644,ALIRILQQL,Human immunodeficiency virus 1,4/5
http://www.iedb.org/epitope/2835,ALQDSGLEV,Human immunodeficiency virus type 1 BH10,0/0
http://www.iedb.org/epitope/2876,ALSEGCTPY,Human immunodeficiency virus type 2 (ISOLATE GHANA-1),0/1
http://www.iedb.org/epitope/2954,ALVEICTEM,HIV-1 M:B_ARV2/SF2,7/10
http://www.iedb.org/epitope/3177,AMQMLKETI,Human immunodeficiency virus 1,0/0
http://www.iedb.org/epitope/3359,ANNLWVTVY,Human immunodeficiency virus 1,0/1
http://www.iedb.org/epitope/3370,ANPDCKLV,Human immunodeficiency virus type 2 (ISOLATE BEN),0/1
http://www.iedb.org/epitope/3371,ANPDCKLVL,Human immunodeficiency virus type 2 (ISOLATE BEN),0/1
http://www.iedb.org/epitope/4015,AQNLWVTVY,Human immunodeficiency virus 1,0/1
http://www.iedb.org/epitope/4208,ARNLWVTVY,Human immunodeficiency virus 1,0/1
http://www.iedb.org/epitope/4640,ASNLWVTVY,Human immunodeficiency virus 1,0/1
http://www.iedb.org/epitope/4699,ASQIYAGIK,Human immunodeficiency virus 1,1/1
http://www.iedb.org/epitope/4741,ASRELERFALNPGLL,Human immunodeficiency virus type 1 (MAL ISOLATE),0/0
http://www.iedb.org/epitope/4742,ASRELERFALNPSLL,Human immunodeficiency virus type 1 BH10,0/0
http://www.iedb.org/epitope/4743,ASRELERFAVNPGLL,HIV-1 M:B_ARV2/SF2,0/0
http://www.iedb.org/epitope/5091,ATPQDLNTM,Human immunodeficiency virus 1,0/11
http://www.iedb.org/epitope/5295,AVDLSHFLK,Human immunodeficiency virus 1,4/7
http://www.iedb.org/epitope/5321,AVFIHNFKR,Human immunodeficiency virus 1,8/8
http://www.iedb.org/epitope/5322,AVFIHNFKRK,Human immunodeficiency virus 1,1/1
http://www.iedb.org/epitope/6041,CATKNRDTW,Human immunodeficiency virus type 2 (ISOLATE BEN),1/1
http://www.iedb.org/epitope/6237,CFLKKGLGICY,"Human immunodeficiency virus type 2 (ISOLATE D205,7)",0/1
http://www.iedb.org/epitope/6616,CLPDNGDY,"Human immunodeficiency virus type 2 (ISOLATE D205,7)",0/2
http://www.iedb.org/epitope/6785,CPKVSFEPI,Human immunodeficiency virus 1,1/1
http://www.iedb.org/epitope/7177,CTLNFPISPI,Human immunodeficiency virus type 1 (JRCSF ISOLATE),6/6
http://www.iedb.org/epitope/7194,CTPPGYAL,Human immunodeficiency virus 2,1/1
http://www.iedb.org/epitope/7197,CTPYDINQM,Human immunodeficiency virus type 2 (ISOLATE GHANA-1),1/2
http://www.iedb.org/epitope/7198,CTPYDINQML,Human immunodeficiency virus type 2 (ISOLATE GHANA-1),0/1
http://www.iedb.org/epitope/7214,CTTAVPWN,Human immunodeficiency virus 1,0/0
http://www.iedb.org/epitope/7346,CYCKKCCY,"Human immunodeficiency virus type 2 (ISOLATE D205,7)",0/1
http://www.iedb.org/epitope/7708,DCKTILKAL,Human immunodeficiency virus 1,1/1
http://www.iedb.org/epitope/9663,DPKVKQWPL,Human immunodeficiency virus 1,0/3
http://www.iedb.org/epitope/9708,DPNPQEVVL,Human immunodeficiency virus 1,1/12
http://www.iedb.org/epitope/9974,DRFYKTLRA,Human immunodeficiency virus 1,0/0
http://www.iedb.org/epitope/10330,DTEVHNVWATQACVPTDPNP,HIV-1 M:B_MN,0/0
http://www.iedb.org/epitope/11685,EEILSQLY,"Human immunodeficiency virus type 2 (ISOLATE D205,7)",0/1
http://www.iedb.org/epitope/11844,EEQNKSKKKAQQAAAA,HIV-1 M:B_ARV2/SF2,1/1
http://www.iedb.org/epitope/11854,EEREVLMWKFDSALARKH,Human immunodeficiency virus 1,0/0
http://www.iedb.org/epitope/11891,EETIGEAFEW,Human immunodeficiency virus type 2 (ISOLATE BEN),0/1
http://www.iedb.org/epitope/12364,EHREVLQWKFDSQLARRH,Human immunodeficiency virus 1,0/0
http://www.iedb.org/epitope/12481,EIKDTKEAL,Human immunodeficiency virus 1,2/2
http://www.iedb.org/epitope/12616,EIYKRWII,Human immunodeficiency virus 1,0/0
http://www.iedb.org/epitope/12617,EIYKRWIIL,Human immunodeficiency virus 1,2/2
http://www.iedb.org/epitope/12662,EKEEGIIPDW,Human immunodeficiency virus type 2 (ISOLATE BEN),0/1
http://www.iedb.org/epitope/12902,EKVYLAWVPAHKGIG,Human immunodeficiency virus type 1 (RF/HAT ISOLATE),0/0
http://www.iedb.org/epitope/12988,ELDKWA,Human immunodeficiency virus 1,0/0
http://www.iedb.org/epitope/13087,ELHPDKWTV,Human immunodeficiency virus 1,0/2
http://www.iedb.org/epitope/13094,ELIFQVWQRSW,Human immunodeficiency virus type 2 (ISOLATE BEN),0/1
http://www.iedb.org/epitope/13262,ELRSLYNTV,Human immunodeficiency virus 1,2/11
http://www.iedb.org/epitope/13330,ELYKYKVVKIE,Human immunodeficiency virus type 1 (WMJ1 isolate),0/0
http://www.iedb.org/epitope/13331,ELYKYKVVKIEP,Human immunodeficiency virus type 1 (WMJ1 isolate),0/0
http://www.iedb.org/epitope/13332,ELYKYKVVKIEPL,Human immunodeficiency virus type 1 (WMJ1 isolate),0/0
http://www.iedb.org/epitope/13333,ELYKYKVVKIEPLG,Human immunodeficiency virus type 1 (WMJ1 isolate),0/0
http://www.iedb.org/epitope/13334,ELYKYKVVKIEPLGV,Human immunodeficiency virus type 1 (WMJ1 isolate),0/0
http://www.iedb.org/epitope/13335,ELYKYKVVKIEPLGVA,Human immunodeficiency virus 1,0/0
http://www.iedb.org/epitope/13675,EPIVGAETF,Human immunodeficiency virus 1,0/11
http://www.iedb.org/epitope/13931,EQTDAAVKNW,Human immunodeficiency virus type 2 (ISOLATE SBLISY),0/1
http://www.iedb.org/epitope/13987,ERFALNPGLLETSEGCK,Human immunodeficiency virus 1,0/0
http://www.iedb.org/epitope/13988,ERFALNPSLLETTEGCQQI,Human immunodeficiency virus 1,0/0
http://www.iedb.org/epitope/13989,ERFAVNPGLLETSEGCR,HIV-1 M:B_ARV2/SF2,0/0
http://www.iedb.org/epitope/14094,ERWHSLIKY,"Human immunodeficiency virus type 2 (ISOLATE D205,7)",0/1
http://www.iedb.org/epitope/14101,ERYLKDQQL,Human immunodeficiency virus 1,0/3
http://www.iedb.org/epitope/14143,ESELVNQIIEQLIKK,Human immunodeficiency virus 1,0/0
http://www.iedb.org/epitope/14234,ESPQREPW,Human immunodeficiency virus 2,0/1
http://www.iedb.org/epitope/14423,ETIGEAFEW,Human immunodeficiency virus type 2 (ISOLATE BEN),0/1
http://www.iedb.org/epitope/14444,ETKLGKAGY,Human immunodeficiency virus type 1 (NEW YORK-5 ISOLATE),0/1
http://www.iedb.org/epitope/14501,ETPGIRYQY,Human immunodeficiency virus type 1 (NEW YORK-5 ISOLATE),0/1
http://www.iedb.org/epitope/14731,EVIPMFSAL,Human immunodeficiency virus 1,3/24
http://www.iedb.org/epitope/15300,FAVRPQVPL,Human immunodeficiency virus 1,1/6
http://www.iedb.org/epitope/15319,FCATKNRDTW,Human immunodeficiency virus type 2 (ISOLATE BEN),0/1
http://www.iedb.org/epitope/15606,FENLWVTVY,Human immunodeficiency virus 1,0/1
http://www.iedb.org/epitope/16252,FIMIVGGLV,HIV-1 M:B_MN,1/1
http://www.iedb.org/epitope/16543,FLDANITKLL,Human immunodeficiency virus 2,0/0
http://www.iedb.org/epitope/16623,FLGKIWPSYK,Human immunodeficiency virus 1,3/5
http://www.iedb.org/epitope/16685,FLKEKKGL,Human immunodeficiency virus 1,0/0
http://www.iedb.org/epitope/16690,FLKKGLGICY,"Human immunodeficiency virus type 2 (ISOLATE D205,7)",0/1
http://www.iedb.org/epitope/16965,FLVRPQVPL,Human immunodeficiency virus 1,0/6
http://www.iedb.org/epitope/17170,FNITSSIRNK,Human immunodeficiency virus 1,0/0
http://www.iedb.org/epitope/17313,FPISPIETV,Human immunodeficiency virus type 1 (RF/HAT ISOLATE),3/5
http://www.iedb.org/epitope/17435,FPVRPQVPC,Human immunodeficiency virus 1,1/6
http://www.iedb.org/epitope/17437,FPVRPQVPF,Human immunodeficiency virus 1,4/6
http://www.iedb.org/epitope/17439,FPVRPQVPI,Human immunodeficiency virus 1,5/5
http://www.iedb.org/epitope/17441,FPVRPQVPL,Human immunodeficiency virus 1,9/12
http://www.iedb.org/epitope/17442,FPVRPQVPM,Human immunodeficiency virus 1,3/5
http://www.iedb.org/epitope/17444,FPVRPQVPQ,Human immunodeficiency virus 1,1/6
http://www.iedb.org/epitope/17445,FPVRPQVPT,Human immunodeficiency virus 1,2/5
http://www.iedb.org/epitope/17446,FPVRPQVPV,Human immunodeficiency virus 1,4/6
http://www.iedb.org/epitope/17449,FPVTPQVPL,Human immunodeficiency virus 1,2/11
http://www.iedb.org/epitope/17574,FRDYVDRFY,Human immunodeficiency virus 1,1/1
http://www.iedb.org/epitope/17575,FRDYVDRFYKTLRAEQ,HIV-1 M:B_ARV2/SF2,1/1
http://www.iedb.org/epitope/17576,FRDYVDRFYKTLRAEQASQD,Human immunodeficiency virus 1,0/0
http://www.iedb.org/epitope/17614,FRKYTAFTIPSINNE,Human immunodeficiency virus type 1 (RF/HAT ISOLATE),0/0
http://www.iedb.org/epitope/17878,FSVRPQVPL,Human immunodeficiency virus 1,0/1
http://www.iedb.org/epitope/17905,FTAGEVRRAI,Human immunodeficiency virus type 2 (ISOLATE BEN),0/1
http://www.iedb.org/epitope/18420,FYKTLRAEQASQ,Human immunodeficiency virus type 1 (NDK ISOLATE),0/0
http://www.iedb.org/epitope/18421,FYKTLRAEQASQE,Human immunodeficiency virus type 1 BH10,0/0
http://www.iedb.org/epitope/18911,GCSGKLICT,Human immunodeficiency virus 1,0/0
http://www.iedb.org/epitope/18917,GCTLNFPISPIET,Human immunodeficiency virus type 1 BH10,1/2
http://www.iedb.org/epitope/18938,GDAYFSVPL,Human immunodeficiency virus type 1 (STRAIN UGANDAN / ISOLATE U455),1/2
http://www.iedb.org/epitope/19243,GEEILSQLY,"Human immunodeficiency virus type 2 (ISOLATE D205,7)",0/1
http://www.iedb.org/epitope/19313,GEIYKRWII,Human immunodeficiency virus 1,4/4
http://www.iedb.org/epitope/19314,GEIYKRWIILGLNKI,Human immunodeficiency virus type 1 (RF/HAT ISOLATE),0/0
http://www.iedb.org/epitope/19337,GELDRWEKI,Human immunodeficiency virus 1,0/0
http://www.iedb.org/epitope/19338,GELDRWEKIRL,Human immunodeficiency virus type 1 BH10,1/2
http://www.iedb.org/epitope/19718,GGELDKWEKIRLRPGG,HIV-1 M:B_ARV2/SF2,0/1
http://www.iedb.org/epitope/19898,GGKKKYKLK,Human immunodeficiency virus 1,1/1
http://www.iedb.org/epitope/19952,GGPGQKARL,Human immunodeficiency virus type 2 (ISOLATE BEN),0/1
http://www.iedb.org/epitope/19953,GGPGQKARLM,Human immunodeficiency virus type 2 (ISOLATE BEN),0/1
http://www.iedb.org/epitope/19954,GGPGQKARLMA,Human immunodeficiency virus type 2 (ISOLATE BEN),0/1
http://www.iedb.org/epitope/20149,GHKARVLAEAMSQVTNPANIM,HIV-1 M:B_ARV2/SF2,1/1
http://www.iedb.org/epitope/20396,GIPHPAGLK,Human immunodeficiency virus 1,1/1
http://www.iedb.org/epitope/20425,GIRPVVSTQLLL,Human immunodeficiency virus type 1 (WMJ1 isolate),0/0
http://www.iedb.org/epitope/21047,GLNKIVRMYSPTSILD,HIV-1 M:B_ARV2/SF2,1/1
http://www.iedb.org/epitope/21082,GLQKCVRMY,Human immunodeficiency virus type 2 (ISOLATE CAM2),0/1
http://www.iedb.org/epitope/21635,GPGHKARVL,Human immunodeficiency virus 1,2/13
http://www.iedb.org/epitope/21636,GPGHKARVLA,Human immunodeficiency virus 1,1/1
http://www.iedb.org/epitope/21643,GPGRAFVTI,Human immunodeficiency virus 1 IIIB,1/1
http://www.iedb.org/epitope/21644,GPGRAFYTT,HIV-1 M:B_MN,1/1
http://www.iedb.org/epitope/21678,GPKVKQWPI,Human immunodeficiency virus 1,0/1
http://www.iedb.org/epitope/21679,GPKVKQWPL,Human immunodeficiency virus 1,1/1
http://www.iedb.org/epitope/21730,GPPPPPPPGL,Human immunodeficiency virus type 2 (ISOLATE CAM2),1/1
http://www.iedb.org/epitope/21742,GPQREPYNEW,HIV-1 M:B_ARV2/SF2,0/1
http://www.iedb.org/epitope/22163,GRPGNFLQSRPEPTA,HIV-1 M:B_ARV2/SF2,0/0
http://www.iedb.org/epitope/22308,GSEELRSLY,Human immunodeficiency virus 1,3/12
http://www.iedb.org/epitope/23131,GVRYPLTFGWCYKLVP,Human immunodeficiency virus 1,0/0
http://www.iedb.org/epitope/23912,HGIRPVVSTQLLL,Human immunodeficiency virus type 1 (WMJ1 isolate),0/0
http://www.iedb.org/epitope/24193,HLEGKVILV,Human immunodeficiency virus 1,0/2
http://www.iedb.org/epitope/24270,HLPRELIF,Human immunodeficiency virus type 2 (ISOLATE BEN),0/3
http://www.iedb.org/epitope/24271,HLPRELIFQV,Human immunodeficiency virus type 2 (ISOLATE BEN),1/2
http://www.iedb.org/epitope/24272,HLPRELIFQVW,Human immunodeficiency virus type 2 (ISOLATE BEN),1/3
http://www.iedb.org/epitope/24434,HPDIVIYQY,Human immunodeficiency virus type 1 (STRAIN UGANDAN / ISOLATE U455),0/11
http://www.iedb.org/epitope/24557,HPVHAGPIA,Human immunodeficiency virus 1,3/3
http://www.iedb.org/epitope/24825,HSNWRAMASDFNLPP,Human immunodeficiency virus type 1 (RF/HAT ISOLATE),0/0
http://www.iedb.org/epitope/24862,HSTYFPCF,Human immunodeficiency virus type 2 (ISOLATE ROD),0/1
http://www.iedb.org/epitope/25720,IEAEVIPA,Human immunodeficiency virus 1,3/6
http://www.iedb.org/epitope/25734,IEAQQHLL,Human immunodeficiency virus 1,4/8
http://www.iedb.org/epitope/25782,IEELRQHLL,Human immunodeficiency virus 1,2/2
http://www.iedb.org/epitope/25789,IEESQNQQEKNE,Human immunodeficiency virus 1,1/2
http://www.iedb.org/epitope/25839,IEIKDTKEAL,Human immunodeficiency virus 1,0/2
http://www.iedb.org/epitope/25995,IETVPVKL,Human immunodeficiency virus 1,0/0
http://www.iedb.org/epitope/26145,IFQVWQRSW,Human immunodeficiency virus type 2 (ISOLATE BEN),0/1
http://www.iedb.org/epitope/26295,IGPGRAFHT,HIV-1 M:B_ARV2/SF2,0/0
http://www.iedb.org/epitope/26382,IHIGPGRAFYTT,Human immunodeficiency virus 1,0/0
http://www.iedb.org/epitope/26682,IISLWDQSL,HIV-1 M:B_MN,1/1
http://www.iedb.org/epitope/26939,IKYIQYGVY,Human immunodeficiency virus type 2 (isolate ST/24.1C#2),0/1
http://www.iedb.org/epitope/27077,ILGLNKIVRMY,Human immunodeficiency virus 1,0/4
http://www.iedb.org/epitope/27125,ILKEPVHGV,Human immunodeficiency virus 1,41/57
http://www.iedb.org/epitope/27152,ILLEPVHGV,Human immunodeficiency virus 1,1/2
http://www.iedb.org/epitope/27506,IMIVGGLVGL,HIV-1 M:B_MN,1/1
http://www.iedb.org/epitope/27617,INEEAAEWDRVHPVHA,HIV-1 M:B_ARV2/SF2,1/1
http://www.iedb.org/epitope/27870,IPIHYCAPA,Human immunodeficiency virus 1,1/1
http://www.iedb.org/epitope/27943,IPLTEEAEL,Human immunodeficiency virus 1,4/15
http://www.iedb.org/epitope/27971,IPPGNSGEET,Human immunodeficiency virus type 2 (ISOLATE SBLISY),0/1
http://www.iedb.org/epitope/27972,IPPGNSGEETI,Human immunodeficiency virus type 2 (ISOLATE SBLISY),1/1
http://www.iedb.org/epitope/28049,IPRRIRQGL,Human immunodeficiency virus 1,2/12
http://www.iedb.org/epitope/28103,IPVGNIYRRW,Human immunodeficiency virus type 2 (isolate KR),0/1
http://www.iedb.org/epitope/28360,IRPVVSTQLLL,Human immunodeficiency virus type 1 (WMJ1 isolate),0/0
http://www.iedb.org/epitope/28370,IRQGPKEPFRDYVDRF,HIV-1 M:B_ARV2/SF2,1/1
http://www.iedb.org/epitope/28657,ISPRTLNAW,Human immunodeficiency virus 1,2/2
http://www.iedb.org/epitope/29277,IVGAETFYV,Human immunodeficiency virus 1,4/4
http://www.iedb.org/epitope/29319,IVIWGKTPK,Human immunodeficiency virus 1,6/6
http://www.iedb.org/epitope/29352,IVLPEKDSW,Human immunodeficiency virus 1,0/0
http://www.iedb.org/epitope/29501,IVWASRELERFAVNPG,Human immunodeficiency virus type 1 (JRCSF ISOLATE),0/0
http://www.iedb.org/epitope/29575,IYETYGDTW,Human immunodeficiency virus type 1 (CLONE 12),1/1
http://www.iedb.org/epitope/29609,IYKRWIILGLNKIVRM,HIV-1 M:B_ARV2/SF2,1/1
http://www.iedb.org/epitope/29655,IYQEPFKNLK,Human immunodeficiency virus 1,0/0
http://www.iedb.org/epitope/29746,KAACWWAGI,Human immunodeficiency virus type 1 (JRCSF ISOLATE),4/6
http://www.iedb.org/epitope/29804,KAFSPEVIPMF,Human immunodeficiency virus 1,5/5
http://www.iedb.org/epitope/29922,KAQQAAAAAGTGNSSQVSQNY,HIV-1 M:B_ARV2/SF2,1/1
http://www.iedb.org/epitope/30122,KDCTERQA,Human immunodeficiency virus type 1 (MAL ISOLATE),0/2
http://www.iedb.org/epitope/30301,KEALEKIEEEQNKSKK,HIV-1 M:B_ARV2/SF2,0/1
http://www.iedb.org/epitope/30343,KEEGIIPDW,Human immunodeficiency virus type 2 (ISOLATE BEN),0/2
http://www.iedb.org/epitope/30464,KEKGGLEGL,Human immunodeficiency virus 1,1/2
http://www.iedb.org/epitope/30520,KELYPLTSL,Human immunodeficiency virus 1,2/2
http://www.iedb.org/epitope/30547,KENLWVTVY,Human immunodeficiency virus 1,0/1
http://www.iedb.org/epitope/30711,KFDSALARKHIARELH,Human immunodeficiency virus 1,0/0
http://www.iedb.org/epitope/30713,KFDSQLARRHMARELH,Human immunodeficiency virus 1,0/0
http://www.iedb.org/epitope/30714,KFDSRLAFHHMARELH,Human immunodeficiency virus 1,0/0
http://www.iedb.org/epitope/31400,KIQNFRVYYR,Human immunodeficiency virus type 1 (JRCSF ISOLATE),2/2
http://www.iedb.org/epitope/31538,KKFGAEVVPGF,Human immunodeficiency virus type 2 (ISOLATE GHANA-1),0/1
http://www.iedb.org/epitope/31544,KKGCWRCGREGHQMKD,HIV-1 M:B_ARV2/SF2,1/1
http://www.iedb.org/epitope/31550,KKGLGICY,"Human immunodeficiency virus type 2 (ISOLATE D205,7)",0/1
http://www.iedb.org/epitope/31607,KKKYKLKHI,Human immunodeficiency virus 1,0/1
http://www.iedb.org/epitope/31608,KKKYKLKHIVWASREL,HIV-1 M:B_ARV2/SF2,1/1
http://www.iedb.org/epitope/32201,KLTPLCVTL,Human immunodeficiency virus 1,21/24
http://www.iedb.org/epitope/32222,KLVGKLNWA,Human immunodeficiency virus type 1 (JRCSF ISOLATE),5/6
http://www.iedb.org/epitope/32248,KLWVTVYYGV,HIV-1 M:B_MN,2/2
http://www.iedb.org/epitope/32326,KMIGGIGGFI,Human immunodeficiency virus type 1 (JRCSF ISOLATE),4/6
http://www.iedb.org/epitope/32996,KQIINMWQEVGKAMYAPPISGQIR,Human immunodeficiency virus 1,0/0
http://www.iedb.org/epitope/33248,KRWIAVPTW,Human immunodeficiency virus type 2 (ISOLATE SBLISY),1/1
http://www.iedb.org/epitope/33249,KRWIILGLN,Human immunodeficiency virus 1,1/1
http://www.iedb.org/epitope/33250,KRWIILGLNK,Human immunodeficiency virus 1,15/16
http://www.iedb.org/epitope/33251,KRWIILGLNKIV,Human immunodeficiency virus 1,3/5
http://www.iedb.org/epitope/33252,KRWIILGLNKIVRMY,Human immunodeficiency virus 1,0/0
http://www.iedb.org/epitope/33253,KRWIILGLNKIVRMYSPTSI,Human immunodeficiency virus 1,0/0
http://www.iedb.org/epitope/33618,KTAVQMAVF,Human immunodeficiency virus 1,0/1
http://www.iedb.org/epitope/33619,KTAVQMAVFI,Human immunodeficiency virus type 1 (ZAIRE 6 ISOLATE),0/1
http://www.iedb.org/epitope/33620,KTAVQMAVFIHNFKR,Human immunodeficiency virus type 1 (RF/HAT ISOLATE),0/0
http://www.iedb.org/epitope/34096,KVLFLDGIDK,Human immunodeficiency virus 1,1/1
http://www.iedb.org/epitope/34235,KVVKIEPLGVA,Human immunodeficiency virus type 1 (WMJ1 isolate),0/0
http://www.iedb.org/epitope/34266,KVYLAWVPAHK,Human immunodeficiency virus 1,1/1
http://www.iedb.org/epitope/34267,KVYLAWVPAHKGIGG,Human immunodeficiency virus type 1 (RF/HAT ISOLATE),0/0
http://www.iedb.org/epitope/34304,KWIILGLNKIVRMY,Human immunodeficiency virus 1,0/0
http://www.iedb.org/epitope/34482,KYKLKHIVW,Human immunodeficiency virus 1,0/0
http://www.iedb.org/epitope/34492,KYKVVKIEPLGVA,Human immunodeficiency virus type 1 (WMJ1 isolate),0/0
http://www.iedb.org/epitope/35536,LEKEEGIIPDW,Human immunodeficiency virus type 2 (ISOLATE BEN),0/1
http://www.iedb.org/epitope/35576,LELDKWAGLWSW,Human immunodeficiency virus 1,0/0
http://www.iedb.org/epitope/35676,LERFAVNPGLL,HIV-1 M:B_ARV2/SF2,0/1
http://www.iedb.org/epitope/35844,LFGYPVYV,Human immunodeficiency virus type 1 BH10,1/1
http://www.iedb.org/epitope/36182,LGKIWPSYKGRPGNFL,HIV-1 M:B_ARV2/SF2,1/1
http://www.iedb.org/epitope/36525,LIFQVWQRSW,Human immunodeficiency virus type 2 (ISOLATE BEN),0/1
http://www.iedb.org/epitope/36909,LKKGLGICY,"Human immunodeficiency virus type 2 (ISOLATE D205,7)",0/1
http://www.iedb.org/epitope/37229,LLETSEGCRQILGQLQ,HIV-1 M:B_ARV2/SF2,1/1
http://www.iedb.org/epitope/37390,LLHQTNPY,Human immunodeficiency virus type 2 (ISOLATE BEN),0/1
http://www.iedb.org/epitope/37598,LLNATDIAV,Human immunodeficiency virus 1,1/1
http://www.iedb.org/epitope/37599,LLNATDIAVA,Human immunodeficiency virus 1,1/1
http://www.iedb.org/epitope/37708,LLQLTVWGI,Human immunodeficiency virus 1,9/10
http://www.iedb.org/epitope/37726,LLQYWSQEL,HIV-1 M:B_MN,1/1
http://www.iedb.org/epitope/37945,LLWKGEGAV,Human immunodeficiency virus 1,5/5
http://www.iedb.org/epitope/37946,LLWKGEGAVV,HIV-1 M:B_MN,1/2
http://www.iedb.org/epitope/38671,LPRELIFQVW,Human immunodeficiency virus type 2 (ISOLATE BEN),0/1
http://www.iedb.org/epitope/39055,LRDLLLIVTR,Human immunodeficiency virus type 1 BH10,0/1
http://www.iedb.org/epitope/39162,LRPGGKKKYKLKHIV,Human immunodeficiency virus 1,0/0
http://www.iedb.org/epitope/39572,LSPRTLNA,Human immunodeficiency virus type 2 (ISOLATE GHANA-1),0/1
http://www.iedb.org/epitope/39573,LSPRTLNAW,Human immunodeficiency virus type 2 (ISOLATE GHANA-1),1/2
http://www.iedb.org/epitope/39574,LSPRTLNAWV,Human immunodeficiency virus type 2 (ISOLATE GHANA-1),0/1
http://www.iedb.org/epitope/39896,LTFGWCFKL,Human immunodeficiency virus 1,7/9
http://www.iedb.org/epitope/39897,LTFGWCFKLV,HIV-1 M:B_ARV2/SF2,10/11
http://www.iedb.org/epitope/40086,LTPEKGWL,Human immunodeficiency virus type 2 (ISOLATE BEN),1/1
http://www.iedb.org/epitope/40375,LVGPTPVNI,Human immunodeficiency virus 1,8/11
http://www.iedb.org/epitope/40829,LYKYKVVKIEPLGVA,Human immunodeficiency virus type 1 (WMJ1 isolate),0/0
http://www.iedb.org/epitope/41116,MASDFNLPPV,Human immunodeficiency virus 1,6/6
http://www.iedb.org/epitope/41167,MAVFIHNFK,Human immunodeficiency virus type 1 (JRCSF ISOLATE),1/2
http://www.iedb.org/epitope/42456,MRDNWRSELY,Human immunodeficiency virus type 1 (KB-1 isolate),0/1
http://www.iedb.org/epitope/42800,MTETLLVQNANPDCKT,HIV-1 M:B_ARV2/SF2,1/1
http://www.iedb.org/epitope/42821,MTKILEPFR,Human immunodeficiency virus 1,6/7
http://www.iedb.org/epitope/42842,MTNNPPIPV,Human immunodeficiency virus 1,4/7
http://www.iedb.org/epitope/42946,MVHQAISPR,Human immunodeficiency virus 1,2/3
http://www.iedb.org/epitope/43035,MYAPPIGGQI,Human immunodeficiency virus 1,0/0
http://www.iedb.org/epitope/43234,NANPDCKTI,Human immunodeficiency virus 1,0/11
http://www.iedb.org/epitope/43235,NANPDCKTILKALGPA,HIV-1 M:B_ARV2/SF2,0/1
http://www.iedb.org/epitope/43236,NANPDCKTILKALGPAA,HIV-1 M:B_ARV2/SF2,0/0
http://www.iedb.org/epitope/43368,NCGKEGHIAKNCRAPR,HIV-1 M:B_ARV2/SF2,0/1
http://www.iedb.org/epitope/43399,NCTRPNNNTRKSIRIQRGPGRAFVTIGKIGNMRQAHCN,Human immunodeficiency virus type 1 (BRU ISOLATE),0/0
http://www.iedb.org/epitope/43706,NENLWVTVY,Human immunodeficiency virus 1,0/1
http://www.iedb.org/epitope/43765,NETPGIRY,Human immunodeficiency virus type 1 (NDK ISOLATE),0/2
http://www.iedb.org/epitope/43766,NETPGIRYQY,Human immunodeficiency virus 1,3/8
http://www.iedb.org/epitope/44515,NKIVRMYSPISI,Human immunodeficiency virus type 1 (CDC-451 ISOLATE),0/0
http://www.iedb.org/epitope/44516,NKIVRMYSPTSI,Human immunodeficiency virus type 1 BH10,0/0
http://www.iedb.org/epitope/44842,NLPPVVAKEI,Human immunodeficiency virus type 1 (STRAIN UGANDAN / ISOLATE U455),0/1
http://www.iedb.org/epitope/45315,NPDIVIYQY,Human immunodeficiency virus 1,0/11
http://www.iedb.org/epitope/45451,NPPIPVGEIYKRWIIL,Human immunodeficiency virus 1,1/1
http://www.iedb.org/epitope/45510,NPVPVGNIY,"Human immunodeficiency virus type 2 (ISOLATE D205,7)",0/11
http://www.iedb.org/epitope/45822,NSGEETIGEAF,Human immunodeficiency virus type 2 (ISOLATE BEN),0/1
http://www.iedb.org/epitope/45981,NSSKVSQNY,Human immunodeficiency virus 1,2/13
http://www.iedb.org/epitope/46068,NTCYCKKCCY,"Human immunodeficiency virus type 2 (ISOLATE D205,7)",0/1
http://www.iedb.org/epitope/46229,NTPVFAIKK,Human immunodeficiency virus type 1 (JRCSF ISOLATE),2/2
http://www.iedb.org/epitope/46300,NTVGGHQAAMQMLKET,HIV-1 M:B_ARV2/SF2,1/1
http://www.iedb.org/epitope/47323,PEKEVLVWKFDSRLAFHH,Human immunodeficiency virus type 1 (RF/HAT ISOLATE),0/0
http://www.iedb.org/epitope/47396,PEREVLVWKFDSRLAFHH,Human immunodeficiency virus 1,0/0
http://www.iedb.org/epitope/47451,PEVIPMFSALSEG,Human immunodeficiency virus 1,0/0
http://www.iedb.org/epitope/47452,PEVIPMFSALSEGATP,Human immunodeficiency virus 1,0/0
http://www.iedb.org/epitope/47725,PGPPPPPPPGL,Human immunodeficiency virus type 2 (ISOLATE CAM2),0/2
http://www.iedb.org/epitope/47946,PIPIHYCAPAGFAILKCNNK,Human immunodeficiency virus 1,0/0
http://www.iedb.org/epitope/47960,PIPVGNIY,Human immunodeficiency virus type 2 (isolate KR),0/1
http://www.iedb.org/epitope/47961,PIPVGNIYRRW,Human immunodeficiency virus type 2 (isolate KR),0/1
http://www.iedb.org/epitope/48012,PIVQNLQGQMVHQAIS,HIV-1 M:B_ARV2/SF2,1/1
http://www.iedb.org/epitope/48056,PKEPFQSY,Human immunodeficiency virus type 2 (ISOLATE BEN),0/1
http://www.iedb.org/epitope/48088,PKISFEPIPIHYCAPAGFAI,HIV-1 M:B_MN,0/0
http://www.iedb.org/epitope/48484,PLSPRTLNAW,Human immunodeficiency virus type 2 (ISOLATE GHANA-1),0/1
http://www.iedb.org/epitope/48503,PLTFGWCYKL,Human immunodeficiency virus 1,0/5
http://www.iedb.org/epitope/48767,PPEESFRFGEEKTTPS,HIV-1 M:B_ARV2/SF2,0/1
http://www.iedb.org/epitope/48806,PPIPVGDIY,Human immunodeficiency virus 1,0/12
http://www.iedb.org/epitope/48860,PPPPPPGL,Human immunodeficiency virus type 2 (ISOLATE CAM2),0/1
http://www.iedb.org/epitope/48862,PPPPPPPGL,Human immunodeficiency virus type 2 (ISOLATE CAM2),0/1
http://www.iedb.org/epitope/49178,PRELIFQVW,Human immunodeficiency virus type 2 (ISOLATE BEN),0/1
http://www.iedb.org/epitope/49433,PSLQTGSEELRSLYNT,HIV-1 M:B_ARV2/SF2,0/1
http://www.iedb.org/epitope/49868,PVGEIYKRWIILGLNKIV,HIV-1 M:B_MN,0/0
http://www.iedb.org/epitope/49874,PVGNIYRRW,Human immunodeficiency virus type 2 (ISOLATE BEN),0/1
http://www.iedb.org/epitope/50008,PVVSTQLLL,Human immunodeficiency virus type 1 (WMJ1 isolate),0/0
http://www.iedb.org/epitope/50292,QAISPRTLNAW,Human immunodeficiency virus 1,0/0
http://www.iedb.org/epitope/50620,QEILDLWVY,Human immunodeficiency virus 1,3/8
http://www.iedb.org/epitope/50642,QELKNSAVSL,Human immunodeficiency virus type 1 BH10,1/2
http://www.iedb.org/epitope/50936,QGPKEPFQSY,Human immunodeficiency virus type 2 (ISOLATE BEN),0/1
http://www.iedb.org/epitope/50937,QGPKEPFQSYV,Human immunodeficiency virus type 2 (ISOLATE BEN),0/1
http://www.iedb.org/epitope/50942,QGQMVHQAISPRTLN,Human immunodeficiency virus type 1 (RF/HAT ISOLATE),0/0
http://www.iedb.org/epitope/51159,QIYQEPFKNLK,Human immunodeficiency virus 1,1/1
http://www.iedb.org/epitope/51238,QKQEPIDKELYPLTSL,Human immunodeficiency virus type 1 (JRCSF ISOLATE),0/0
http://www.iedb.org/epitope/51240,QKQITKIQNFRVYYR,Human immunodeficiency virus type 1 (RF/HAT ISOLATE),0/0
http://www.iedb.org/epitope/51475,QLPPLERLTL,Human immunodeficiency virus type 1 (BH8 ISOLATE),0/1
http://www.iedb.org/epitope/51519,QLQPSLQTGSEELRSLY,HIV-1 M:B_ARV2/SF2,0/0
http://www.iedb.org/epitope/51599,QMAVFIHNFK,Human immunodeficiency virus 1,3/3
http://www.iedb.org/epitope/51649,QMVHQAISPR,Human immunodeficiency virus 1,1/3
http://www.iedb.org/epitope/51743,QNPIPVGNI,Human immunodeficiency virus type 2 (isolate KR),1/1
http://www.iedb.org/epitope/51744,QNPIPVGNIY,Human immunodeficiency virus type 2 (isolate KR),1/1
http://www.iedb.org/epitope/52211,QRIDVKDTKEALEKIE,HIV-1 M:B_ARV2/SF2,0/1
http://www.iedb.org/epitope/52272,QRTVKCFNCGKEGHI,Human immunodeficiency virus 1,1/1
http://www.iedb.org/epitope/52488,QTDAAVKNW,Human immunodeficiency virus type 2 (ISOLATE SBLISY),0/1
http://www.iedb.org/epitope/52760,QVPLRPMTYK,Human immunodeficiency virus 1,14/23
http://www.iedb.org/epitope/52762,QVPSLQYL,Human immunodeficiency virus type 2 (ISOLATE BEN),1/1
http://www.iedb.org/epitope/52763,QVPSLQYLA,Human immunodeficiency virus type 2 (ISOLATE BEN),1/2
http://www.iedb.org/epitope/52764,QVPSLQYLAL,Human immunodeficiency virus type 2 (ISOLATE BEN),1/1
http://www.iedb.org/epitope/53114,RAIEAQQHL,Human immunodeficiency virus 1,6/15
http://www.iedb.org/epitope/53136,RAKWNNTLK,Human immunodeficiency virus 1,5/5
http://www.iedb.org/epitope/53165,RAMASDFNL,Human immunodeficiency virus type 1 (JRCSF ISOLATE),4/6
http://www.iedb.org/epitope/53443,RDYVDRFYKTL,Human immunodeficiency virus type 1 BH10,0/2
http://www.iedb.org/epitope/53507,REGHQMKDCTERQANF,HIV-1 M:B_ARV2/SF2,0/1
http://www.iedb.org/epitope/53600,REPHNEWTL,Human immunodeficiency virus type 1 (CLONE 12),1/2
http://www.iedb.org/epitope/53808,RFYKTLRAEQAS,Human immunodeficiency virus type 1 (NDK ISOLATE),0/0
http://www.iedb.org/epitope/53809,RFYKTLRAEQASQ,HIV-1 M:B_ARV2/SF2,0/0
http://www.iedb.org/epitope/53935,RGPGRAFVTI,Human immunodeficiency virus 1,18/29
http://www.iedb.org/epitope/53936,RGPGRAFYTI,Human immunodeficiency virus 1,1/1
http://www.iedb.org/epitope/54175,RIKQIINMW,Human immunodeficiency virus 1,1/12
http://www.iedb.org/epitope/54192,RILQQLLFI,Human immunodeficiency virus type 1 (CLONE 12),6/11
http://www.iedb.org/epitope/54226,RIQRGPGRAFVTIGK,Human immunodeficiency virus 1,0/1
http://www.iedb.org/epitope/54227,RIQRGPGRAFVTIGKI,Human immunodeficiency virus 1,0/0
http://www.iedb.org/epitope/54229,RIQRGSGRAFVTIGK,Human immunodeficiency virus 1,4/6
http://www.iedb.org/epitope/54425,RKSITKGPGRVIYAT,Human immunodeficiency virus type 1 (RF/HAT ISOLATE),0/0
http://www.iedb.org/epitope/54521,RLERWHSLIKY,"Human immunodeficiency virus type 2 (ISOLATE D205,7)",0/1
http://www.iedb.org/epitope/54730,RLRDLLLIVTR,Human immunodeficiency virus 1,4/12
http://www.iedb.org/epitope/54741,RLRPGGKKK,Human immunodeficiency virus 1,0/0
http://www.iedb.org/epitope/54809,RLVNGSLAL,Human immunodeficiency virus 1,1/1
http://www.iedb.org/epitope/54964,RMYSPISIL,Human immunodeficiency virus 1,2/2
http://www.iedb.org/epitope/55181,RPIVSTQLL,Human immunodeficiency virus 1,2/12
http://www.iedb.org/epitope/55236,RPMTYKAAL,Human immunodeficiency virus 1,3/17
http://www.iedb.org/epitope/55376,RPVVSTQLLL,Human immunodeficiency virus type 1 (WMJ1 isolate),0/0
http://www.iedb.org/epitope/55399,RQANFLGKIWPSHKGR,Human immunodeficiency virus type 1 (NDK ISOLATE),0/0
http://www.iedb.org/epitope/55400,RQANFLGKIWPSSKGR,Human immunodeficiency virus type 1 (JH3 ISOLATE),0/0
http://www.iedb.org/epitope/55429,RQILGQLQPSLQTGSE,HIV-1 M:B_ARV2/SF2,0/1
http://www.iedb.org/epitope/55487,RQSTPIGLGQALYTT,Human immunodeficiency virus 1,0/0
http://www.iedb.org/epitope/55597,RRHRILDIY,Human immunodeficiency virus type 2 (ISOLATE BEN),0/1
http://www.iedb.org/epitope/56147,RTPKKAKA,Human immunodeficiency virus type 2 (isolate KR),0/1
http://www.iedb.org/epitope/56313,RVIEVLQRA,HIV-1 M:B_MN,1/1
http://www.iedb.org/epitope/56574,RYLKDQQLL,Human immunodeficiency virus 1,2/3
http://www.iedb.org/epitope/56585,RYLRDQQLL,Human immunodeficiency virus 1,4/4
http://www.iedb.org/epitope/56620,RYPLTFGWCF,Human immunodeficiency virus 1,12/12
http://www.iedb.org/epitope/56882,SALSEGATPQDLNTML,HIV-1 M:B_ARV2/SF2,0/1
http://www.iedb.org/epitope/57438,SEGATPQDL,Human immunodeficiency virus 1,0/2
http://www.iedb.org/epitope/57549,SELYKYKV,Human immunodeficiency virus type 1 (JH3 ISOLATE),0/2
http://www.iedb.org/epitope/57550,SELYKYKVV,Human immunodeficiency virus type 1 (JH3 ISOLATE),1/2
http://www.iedb.org/epitope/57757,SFFELDRWEKIRLRPGGK,Human immunodeficiency virus 1,0/0
http://www.iedb.org/epitope/59179,SLIKYLKY,"Human immunodeficiency virus type 2 (ISOLATE D205,7)",0/1
http://www.iedb.org/epitope/59284,SLLNATDIAV,Human immunodeficiency virus 1,7/11
http://www.iedb.org/epitope/59612,SLYNTIAVL,Human immunodeficiency virus 1,3/3
http://www.iedb.org/epitope/59613,SLYNTVATL,Human immunodeficiency virus 1,33/39
http://www.iedb.org/epitope/59614,SLYNTVATLYCVHAGIEV,Human immunodeficiency virus 1,0/0
http://www.iedb.org/epitope/59615,SLYNTVATLYCVHQRIDV,HIV-1 M:B_ARV2/SF2,0/0
http://www.iedb.org/epitope/59616,SLYNTVATLYCVHQRIEV,Human immunodeficiency virus type 1 (CDC-451 ISOLATE),0/0
http://www.iedb.org/epitope/59975,SPAIFQSSM,Human immunodeficiency virus 1,3/13
http://www.iedb.org/epitope/59976,SPAIFQSSMTKILEP,Human immunodeficiency virus type 1 (RF/HAT ISOLATE),0/0
http://www.iedb.org/epitope/60038,SPEVIPMFSALSEGAT,HIV-1 M:B_ARV2/SF2,0/1
http://www.iedb.org/epitope/60238,SPRTLNAWV,Human immunodeficiency virus 1,2/12
http://www.iedb.org/epitope/60585,SQVTNPANI,Human immunodeficiency virus 1,1/1
http://www.iedb.org/epitope/63035,TAVPWNASW,Human immunodeficiency virus 1,2/12
http://www.iedb.org/epitope/63105,TCYCKKCCY,"Human immunodeficiency virus type 2 (ISOLATE D205,7)",0/1
http://www.iedb.org/epitope/63240,TDSQYALGI,Human immunodeficiency virus type 1 (STRAIN UGANDAN / ISOLATE U455),1/2
http://www.iedb.org/epitope/63349,TEEKIKAL,Human immunodeficiency virus type 1 (STRAIN UGANDAN / ISOLATE U455),1/2
http://www.iedb.org/epitope/63468,TEMEKEGKI,Human immunodeficiency virus 1,3/3
http://www.iedb.org/epitope/63481,TENLWVTVY,Human immunodeficiency virus type 1 (MFA ISOLATE),0/1
http://www.iedb.org/epitope/63488,TEPAAVGVGAV,Human immunodeficiency virus type 1 (JRCSF ISOLATE),0/2
http://www.iedb.org/epitope/63500,TEQAIEDVW,Human immunodeficiency virus type 2 (ISOLATE D194),0/1
http://www.iedb.org/epitope/63508,TERQANFL,Human immunodeficiency virus 1,7/10
http://www.iedb.org/epitope/64030,THGIRPVVSTQLLL,Human immunodeficiency virus type 1 (WMJ1 isolate),0/0
http://www.iedb.org/epitope/64343,TIKIGGQLK,Human immunodeficiency virus type 1 (JRCSF ISOLATE),2/2
http://www.iedb.org/epitope/64784,TLFCASDAK,Human immunodeficiency virus type 1 (JRCSF ISOLATE),2/2
http://www.iedb.org/epitope/64961,TLNAWVKVV,Human immunodeficiency virus 1,2/2
http://www.iedb.org/epitope/64972,TLNFPISPI,Human immunodeficiency virus type 1 (JRCSF ISOLATE),4/6
http://www.iedb.org/epitope/65108,TLTSCNTSV,Human immunodeficiency virus 1,2/2
http://www.iedb.org/epitope/65148,TLWKAGILYK,Human immunodeficiency virus 1,2/5
http://www.iedb.org/epitope/65575,TPGIRYQYNI,Human immunodeficiency virus 1,0/1
http://www.iedb.org/epitope/65702,TPQDLNMML,Human immunodeficiency virus 1,0/0
http://www.iedb.org/epitope/65703,TPQDLNTM,Human immunodeficiency virus 1,0/0
http://www.iedb.org/epitope/65812,TPYDINQML,Human immunodeficiency virus 2,2/14
http://www.iedb.org/epitope/65817,TQACPKVSFEPIPIHYCAPA,Human immunodeficiency virus 1,0/0
http://www.iedb.org/epitope/65864,TQGYFPDWQNYTPGPGVRYPLTFGWCYKLVP,Human immunodeficiency virus 1,0/0
http://www.iedb.org/epitope/66692,TTLFCASDAK,Human immunodeficiency virus type 1 (JRCSF ISOLATE),2/2
http://www.iedb.org/epitope/67067,TVLDVGDAY,Human immunodeficiency virus 1,2/12
http://www.iedb.org/epitope/67128,TVQPIVLPEK,Human immunodeficiency virus 1,1/1
http://www.iedb.org/epitope/67245,TVYYGVPVWK,Human immunodeficiency virus 1,11/15
http://www.iedb.org/epitope/67425,TYQIYQEPF,Human immunodeficiency virus 1,0/0
http://www.iedb.org/epitope/67770,VATLYCVHQRIDVKDT,HIV-1 M:B_ARV2/SF2,0/1
http://www.iedb.org/epitope/68303,VENLWVTVY,Human immunodeficiency virus 1,0/1
http://www.iedb.org/epitope/68348,VESMNKEL,Human immunodeficiency virus type 1 (STRAIN UGANDAN / ISOLATE U455),1/2
http://www.iedb.org/epitope/68658,VGFPVTPQVPLRPMTYKAAVDLSHFLKEK,Human immunodeficiency virus type 1 BH10,0/0
http://www.iedb.org/epitope/69169,VIYQYMDDL,Human immunodeficiency virus 1,1/5
http://www.iedb.org/epitope/69170,VIYQYMDDLY,Human immunodeficiency virus type 1 (STRAIN UGANDAN / ISOLATE U455),0/1
http://www.iedb.org/epitope/69294,VKQGPKEPF,Human immunodeficiency virus type 2 (isolate KR),0/1
http://www.iedb.org/epitope/69360,VLAEAMSQV,Human immunodeficiency virus 1,16/17
http://www.iedb.org/epitope/69439,VLDVGDAYFSV,Human immunodeficiency virus 1,1/1
http://www.iedb.org/epitope/69473,VLEWRFDSRL,Human immunodeficiency virus 1,0/5
http://www.iedb.org/epitope/69799,VLTDPNPQEV,Human immunodeficiency virus 1,0/0
http://www.iedb.org/epitope/69975,VMKQVTGKLK,Human immunodeficiency virus 1,0/0
http://www.iedb.org/epitope/70363,VPLQLPPL,Human immunodeficiency virus type 1 (ELI ISOLATE),1/1
http://www.iedb.org/epitope/70365,VPLRPMTYK,Human immunodeficiency virus 1,2/5
http://www.iedb.org/epitope/70491,VPTDPNPPEV,Human immunodeficiency virus 1,1/1
http://www.iedb.org/epitope/70532,VQCTHGIRPVVSTQLLL,Human immunodeficiency virus type 1 (WMJ1 isolate),0/0
http://www.iedb.org/epitope/71172,VSTVQCTHGI,Human immunodeficiency virus type 1 (WMJ1 isolate),0/0
http://www.iedb.org/epitope/71173,VSTVQCTHGIRPVV,Human immunodeficiency virus type 1 (WMJ1 isolate),0/0
http://www.iedb.org/epitope/71174,VSTVQCTHGIRPVVSTQ,Human immunodeficiency virus type 1 (WMJ1 isolate),0/0
http://www.iedb.org/epitope/71175,VSTVQCTHGIRPVVSTQL,Human immunodeficiency virus type 1 (WMJ1 isolate),0/0
http://www.iedb.org/epitope/71176,VSTVQCTHGIRPVVSTQLL,Human immunodeficiency virus type 1 (WMJ1 isolate),0/0
http://www.iedb.org/epitope/71177,VSTVQCTHGIRPVVSTQLLL,Human immunodeficiency virus type 1 (WMJ1 isolate),0/0
http://www.iedb.org/epitope/71293,VTEQAIEDVW,Human immunodeficiency virus type 2 (ISOLATE D194),0/1
http://www.iedb.org/epitope/71361,VTIKIGGQLK,Human immunodeficiency virus type 1 (JRCSF ISOLATE),2/2
http://www.iedb.org/epitope/71439,VTPDYADI,Human immunodeficiency virus type 2 (ISOLATE GHANA-1),1/1
http://www.iedb.org/epitope/71440,VTPDYADIL,Human immunodeficiency virus type 2 (ISOLATE GHANA-1),1/1
http://www.iedb.org/epitope/71569,VTVYYGVPVWK,Human immunodeficiency virus 1,7/11
http://www.iedb.org/epitope/71724,VVKIEPLGVA,Human immunodeficiency virus type 1 (WMJ1 isolate),0/0
http://www.iedb.org/epitope/71783,VVPGFQAL,Human immunodeficiency virus type 2 (ISOLATE GHANA-1),1/1
http://www.iedb.org/epitope/71931,VWGIKQLQARVLAVERYLKD,HIV-1 M:B_MN,0/0
http://www.iedb.org/epitope/72261,WASRELERF,Human immunodeficiency virus 1,2/12
http://www.iedb.org/epitope/72327,WDQSLKPCV,Human immunodeficiency virus type 1 (KB-1 isolate),0/2
http://www.iedb.org/epitope/72348,WEFVNTPPL,Human immunodeficiency virus 1,7/8
http://www.iedb.org/epitope/72349,WEFVNTPPLV,Human immunodeficiency virus type 1 (STRAIN UGANDAN / ISOLATE U455),2/2
http://www.iedb.org/epitope/72350,WEFVNTPPLVKLWYQ,Human immunodeficiency virus type 1 (RF/HAT ISOLATE),0/0
http://www.iedb.org/epitope/72622,WIILGLNKIVRM,Human immunodeficiency virus type 1 (STRAIN UGANDAN / ISOLATE U455),0/0
http://www.iedb.org/epitope/72623,WIILGLNKIVRMYSPISI,Human immunodeficiency virus type 1 (CDC-451 ISOLATE),0/0
http://www.iedb.org/epitope/72624,WIILGLNKIVRMYSPTSI,Human immunodeficiency virus type 1 BH10,0/0
http://www.iedb.org/epitope/72625,WIILGLNKIVRMYSPVSI,Human immunodeficiency virus type 1 (JRCSF ISOLATE),0/0
http://www.iedb.org/epitope/72830,WLWYIKIFI,HIV-1 M:B_MN,1/1
http://www.iedb.org/epitope/72948,WPLTEEKIKI,Human immunodeficiency virus 1,0/1
http://www.iedb.org/epitope/72991,WQKQELQRKC,Human immunodeficiency virus 2,0/0
http://www.iedb.org/epitope/73182,WVDLRSLFL,HIV-1 M:B_MN,0/2
http://www.iedb.org/epitope/73878,YFPCFTAGEV,Human immunodeficiency virus type 2 (ISOLATE ROD),0/1
http://www.iedb.org/epitope/74425,YKAAVDLSHFLKEKGGL,Human immunodeficiency virus type 1 (CLONE 12),0/0
http://www.iedb.org/epitope/74522,YKTLRAEQA,Human immunodeficiency virus type 1 (NDK ISOLATE),0/0
http://www.iedb.org/epitope/74523,YKTLRAEQASQDVKNW,HIV-1 M:B_ARV2/SF2,0/1
http://www.iedb.org/epitope/74535,YKVVKIEPLGVA,Human immunodeficiency virus type 1 (WMJ1 isolate),0/0
http://www.iedb.org/epitope/74541,YKYKVVKIEPLGVA,Human immunodeficiency virus type 1 (WMJ1 isolate),0/0
http://www.iedb.org/epitope/74572,YLAWVPAHK,Human immunodeficiency virus 1,8/8
http://www.iedb.org/epitope/74592,YLDANITRLL,Human immunodeficiency virus 2,0/0
http://www.iedb.org/epitope/75039,YMDDLYVGSD,Human immunodeficiency virus 1,2/2
http://www.iedb.org/epitope/75206,YNPTNILDV,Human immunodeficiency virus type 2 (ISOLATE D194),1/1
http://www.iedb.org/epitope/75351,YPLASLRSLF,Human immunodeficiency virus 1,1/1
http://www.iedb.org/epitope/75864,YSPTSILDIRQGPKEP,HIV-1 M:B_ARV2/SF2,0/1
http://www.iedb.org/epitope/75939,YTAFTIPSI,Human immunodeficiency virus type 1 (JRCSF ISOLATE),7/8
http://www.iedb.org/epitope/76251,YVDRFFKTL,Human immunodeficiency virus 1,0/0
http://www.iedb.org/epitope/76252,YVDRFFKTLRAEQASQDV,Human immunodeficiency virus 1,0/0
http://www.iedb.org/epitope/76253,YVDRFFKTLRAEQATQDV,Human immunodeficiency virus type 1 (STRAIN UGANDAN / ISOLATE U455),0/0
http://www.iedb.org/epitope/76254,YVDRFFKTLRAEQATQEV,Human immunodeficiency virus type 1 (MAL ISOLATE),0/0
http://www.iedb.org/epitope/76255,YVDRFYKTL,HIV-1 M:B_MN,1/2
http://www.iedb.org/epitope/76256,YVDRFYKTLRAEQASQEV,Human immunodeficiency virus type 1 BH10,0/0
http://www.iedb.org/epitope/79327,NYNKRKRIHIGPGRAFYTTKNII,HIV-1 M:B_MN,0/0
http://www.iedb.org/epitope/94978,YLKDQQLLGIWGCSGKL,Human immunodeficiency virus 1,0/0
http://www.iedb.org/epitope/97359,GPGR,Human immunodeficiency virus 1,0/0
http://www.iedb.org/epitope/98828,IKQIINMWQEV,Human immunodeficiency virus 1,0/0
http://www.iedb.org/epitope/98884,LPCRIKQIINMWQEV,Human immunodeficiency virus 1,0/0
http://www.iedb.org/epitope/101645,FPRIWLHGL,Human immunodeficiency virus 1,0/0
http://www.iedb.org/epitope/101673,GHQAAMQML,Human immunodeficiency virus 1,0/1
http://www.iedb.org/epitope/101721,HTQGYFPDWQ,Human immunodeficiency virus 1,0/0
http://www.iedb.org/epitope/101766,KAAVDLSHFL,Human immunodeficiency virus 1,1/1
http://www.iedb.org/epitope/101812,KQNPDIVIY,Human immunodeficiency virus 1,0/0
http://www.iedb.org/epitope/101813,KQNPDIVIYQY,Human immunodeficiency virus 1,0/0
http://www.iedb.org/epitope/101821,KTKPPLPSVKK,Human immunodeficiency virus 1,0/0
http://www.iedb.org/epitope/101967,PIQKETWETW,Human immunodeficiency virus 1,0/0
http://www.iedb.org/epitope/101990,QASQEVKNW,Human immunodeficiency virus 1,2/2
http://www.iedb.org/epitope/102032,RPMTYKAAV,Human immunodeficiency virus 1,0/0
http://www.iedb.org/epitope/102037,RRWIQLGLQK,Human immunodeficiency virus 2,0/0
http://www.iedb.org/epitope/102046,RYPLTFGW,Human immunodeficiency virus 1,4/4
http://www.iedb.org/epitope/102104,TAFTIPSI,Human immunodeficiency virus 1,6/7
http://www.iedb.org/epitope/102149,TPQDLNTML,Human immunodeficiency virus 1,10/11
http://www.iedb.org/epitope/102150,TPQVPLRPM,Human immunodeficiency virus 1,0/0
http://www.iedb.org/epitope/102151,TQGYFPDWQNY,Human immunodeficiency virus 1,1/1
http://www.iedb.org/epitope/102205,VPVWKEATTTL,Human immunodeficiency virus 1,0/0
http://www.iedb.org/epitope/102235,YFPDWQNYT,Human immunodeficiency virus 1,0/0
http://www.iedb.org/epitope/102254,YPLTFGWCY,Human immunodeficiency virus 1,0/0
http://www.iedb.org/epitope/106220,AAVDLSHFL,Human immunodeficiency virus 1,0/1
http://www.iedb.org/epitope/106409,EWRFDSRL,Human immunodeficiency virus 1,0/1
http://www.iedb.org/epitope/106423,FPDWQNYT,Human immunodeficiency virus 1,0/1
http://www.iedb.org/epitope/106695,PAGFAILKCNN,Human immunodeficiency virus 1,0/0
http://www.iedb.org/epitope/107061,AEAMSQVTNSATIMM,Human immunodeficiency virus 1,0/0
http://www.iedb.org/epitope/107094,AWVKVVEEKAFSPEVIPMF,Human immunodeficiency virus 1,0/0
http://www.iedb.org/epitope/107100,DCKTILKALGPAATLE,Human immunodeficiency virus 1,0/0
http://www.iedb.org/epitope/107103,DLSHFLKEKGGLEGL,Human immunodeficiency virus 1,0/0
http://www.iedb.org/epitope/107104,DLWIYHTKQGYFP,Human immunodeficiency virus 1,0/0
http://www.iedb.org/epitope/107108,EELRSLYNTVATLY,Human immunodeficiency virus 1,0/0
http://www.iedb.org/epitope/107112,ENTSLLHPVSLHGMD,Human immunodeficiency virus 1,0/0
http://www.iedb.org/epitope/107113,EQIGWMTNNPPIPVGEI,Human immunodeficiency virus 1,0/0
http://www.iedb.org/epitope/107114,ETLLVQNANPDCKTILKAL,Human immunodeficiency virus 1,0/0
http://www.iedb.org/epitope/107115,EWRFDSRLAFHHVAREL,Human immunodeficiency virus 1,0/0
http://www.iedb.org/epitope/107117,FINMWQEVGKAMYAPPIS,Human immunodeficiency virus 1,0/0
http://www.iedb.org/epitope/107120,FRDYVDRFYKTLRAEQAS,Human immunodeficiency virus 1,0/0
http://www.iedb.org/epitope/107145,GHKARVLAEAMSQVTN,Human immunodeficiency virus 1,0/0
http://www.iedb.org/epitope/107146,GHQAAMQMLKETINEE,Human immunodeficiency virus 1,0/0
http://www.iedb.org/epitope/107169,GSDIAGTTSTLQEQIGWMTNN,Human immunodeficiency virus 1,0/0
http://www.iedb.org/epitope/107171,HHVARELHPEYFKNC,Human immunodeficiency virus 1,0/0
http://www.iedb.org/epitope/107183,IPMFSALSEGATPQDL,Human immunodeficiency virus 1,0/0
http://www.iedb.org/epitope/107184,IPVGEIYKRWIILGL,Human immunodeficiency virus 1,0/0
http://www.iedb.org/epitope/107185,IRIQRGPGRAFVTIGK,Human immunodeficiency virus 1,0/0
http://www.iedb.org/epitope/107186,KALGPAATLEEMMTACQ,Human immunodeficiency virus 1,0/0
http://www.iedb.org/epitope/107188,KHYCAPAGFAILKCN,Human immunodeficiency virus 1,0/0
http://www.iedb.org/epitope/107190,KTLRAEQASQEVKNWMTET,Human immunodeficiency virus 1,0/0
http://www.iedb.org/epitope/107192,KYVNVTENENMWKN,Human immunodeficiency virus 1,0/0
http://www.iedb.org/epitope/107195,LERFAVNPGLLETSE,Human immunodeficiency virus 1,0/0
http://www.iedb.org/epitope/107196,LEWRFDSRLAF,Human immunodeficiency virus 1,0/0
http://www.iedb.org/epitope/107199,LIHSQRRQDILDLWI,Human immunodeficiency virus 1,0/0
http://www.iedb.org/epitope/107203,LKHIVWASRELERFAV,Human immunodeficiency virus 1,0/0
http://www.iedb.org/epitope/107205,LLGIWGCSGKLIC,Human immunodeficiency virus 1,0/0
http://www.iedb.org/epitope/107208,LNKIVRMYSPTSILDIRQ,Human immunodeficiency virus 1,0/0
http://www.iedb.org/epitope/107210,LTFGWCYKL,Human immunodeficiency virus 1,0/0
http://www.iedb.org/epitope/107212,LYNTVATLYCVHQRI,Human immunodeficiency virus 1,0/0
http://www.iedb.org/epitope/107213,MTYKAAVDLSHFLKEK,Human immunodeficiency virus 1,0/0
http://www.iedb.org/epitope/107215,MVHQAISPRTLNAWV,Human immunodeficiency virus 1,0/0
http://www.iedb.org/epitope/107221,PIVQNIQGQMVHQAIS,Human immunodeficiency virus 1,0/0
http://www.iedb.org/epitope/107230,RLAFHHVARELHPE,Human immunodeficiency virus 1,0/0
http://www.iedb.org/epitope/107231,RQDILDLWIYHTQG,Human immunodeficiency virus 1,0/0
http://www.iedb.org/epitope/107249,TGSEELRSLYNTVATL,Human immunodeficiency virus 1,0/0
http://www.iedb.org/epitope/107255,TRKSIRIQRGPGRAFV,Human immunodeficiency virus 1,0/0
http://www.iedb.org/epitope/107260,TVATLYCVHQRIEIKD,Human immunodeficiency virus 1,0/0
http://www.iedb.org/epitope/107270,YSLKPCVKLTPLCVSLKC,Human immunodeficiency virus 1,0/0
http://www.iedb.org/epitope/108973,FNCGGEFFY,Human immunodeficiency virus 1,3/4
http://www.iedb.org/epitope/109249,GSEEIKSLF,Human immunodeficiency virus 1,1/8
http://www.iedb.org/epitope/109250,GSEEIKSLY,Human immunodeficiency virus 1,2/9
http://www.iedb.org/epitope/109263,GTEEIRSLF,Human immunodeficiency virus 1,2/9
http://www.iedb.org/epitope/109264,GTEEIRSLY,Human immunodeficiency virus 1,4/12
http://www.iedb.org/epitope/109265,GTEELKSLY,Human immunodeficiency virus 1,2/7
http://www.iedb.org/epitope/110725,TPGPGVRYPL,Human immunodeficiency virus 1,0/0
http://www.iedb.org/epitope/110738,VPLRPMTY,Human immunodeficiency virus 1,2/2
http://www.iedb.org/epitope/113000,GIKQLQARVLAVERY,Human immunodeficiency virus 1,0/0
http://www.iedb.org/epitope/115243,EWRFDSRLA,Human immunodeficiency virus 1,0/0
http://www.iedb.org/epitope/119657,TWNDTYGSNN,Human immunodeficiency virus 1,0/0
http://www.iedb.org/epitope/119783,CERPQIDIQEMRIGPMAWYSMGIGGTAGNSSRA,HIV-1 O_ANT70,0/0
http://www.iedb.org/epitope/119785,CNRPGRGIKQIGPMSVYSGSLADLGGNNWSRI,HIV-1 group O,0/0
http://www.iedb.org/epitope/125703,ALVEMGHHV,Human immunodeficiency virus 1,7/8
http://www.iedb.org/epitope/125823,DIKDTKEAL,Human immunodeficiency virus 1,0/5
http://www.iedb.org/epitope/125830,DLADQLIHL,Human immunodeficiency virus 1,8/8
http://www.iedb.org/epitope/125873,EELKSLFNTI,Human immunodeficiency virus 1,0/2
http://www.iedb.org/epitope/125874,EELKSLFNTV,Human immunodeficiency virus 1,1/5
http://www.iedb.org/epitope/125875,EELKSLYNTI,Human immunodeficiency virus 1,0/2
http://www.iedb.org/epitope/125876,EELRSLFNTI,Human immunodeficiency virus 1,0/3
http://www.iedb.org/epitope/125877,EELRSLFNTV,Human immunodeficiency virus 1,3/3
http://www.iedb.org/epitope/125878,EELRSLYNTI,Human immunodeficiency virus 1,0/1
http://www.iedb.org/epitope/125879,EELRSLYNTV,Human immunodeficiency virus 1,0/1
http://www.iedb.org/epitope/125894,EIKDTEEAL,Human immunodeficiency virus 1,1/7
http://www.iedb.org/epitope/125895,EIKSLFNTI,Human immunodeficiency virus 1,2/11
http://www.iedb.org/epitope/125901,EKLKSLFNTI,Human immunodeficiency virus 1,3/7
http://www.iedb.org/epitope/125902,EKLKSLFNTV,Human immunodeficiency virus 1,1/5
http://www.iedb.org/epitope/125903,EKLKSLYNTI,Human immunodeficiency virus 1,2/5
http://www.iedb.org/epitope/125904,EKLKSLYNTV,Human immunodeficiency virus 1,1/3
http://www.iedb.org/epitope/125906,ELADQLIHL,Human immunodeficiency virus 1,3/4
http://www.iedb.org/epitope/125946,EVKSLFNTV,Human immunodeficiency virus 1,3/10
http://www.iedb.org/epitope/126006,FLGKIWPS,Human immunodeficiency virus 1,7/8
http://www.iedb.org/epitope/126007,FLGKIWSS,Human immunodeficiency virus 1,8/9
http://www.iedb.org/epitope/126008,FLGRIWPS,Human immunodeficiency virus type 1 (ELI ISOLATE),7/9
http://www.iedb.org/epitope/126125,GLADQLIHI,Human immunodeficiency virus 1,5/6
http://www.iedb.org/epitope/126126,GLADQLIHL,Human immunodeficiency virus 1,5/6
http://www.iedb.org/epitope/126127,GLADQLIHM,Human immunodeficiency virus 1,4/5
http://www.iedb.org/epitope/126132,GLGQHIYET,Human immunodeficiency virus 1,5/8
http://www.iedb.org/epitope/126133,GLGQYIYET,Human immunodeficiency virus 1,6/7
http://www.iedb.org/epitope/126181,GTEEIKSLY,Human immunodeficiency virus 1,3/11
http://www.iedb.org/epitope/126216,HLADQLIHQ,Human immunodeficiency virus 1,2/5
http://www.iedb.org/epitope/126241,HYMLKHLVW,Human immunodeficiency virus 1,1/5
http://www.iedb.org/epitope/126249,IATLYCVHQK,Human immunodeficiency virus 1,0/8
http://www.iedb.org/epitope/126250,IATLYCVHQR,Human immunodeficiency virus 1,0/7
http://www.iedb.org/epitope/126251,IAVLYCVHQR,Human immunodeficiency virus 1,0/7
http://www.iedb.org/epitope/126254,IDVKDTKEAL,Human immunodeficiency virus 1,0/4
http://www.iedb.org/epitope/126260,IEVKDTKEAL,Human immunodeficiency virus 1,2/10
http://www.iedb.org/epitope/126434,KLKSLYNTV,Human immunodeficiency virus 1,5/9
http://www.iedb.org/epitope/126451,KMGKAGYVT,Human immunodeficiency virus 1,4/8
http://www.iedb.org/epitope/126481,KSLFNTIATLY,Human immunodeficiency virus 1,6/12
http://www.iedb.org/epitope/126482,KSLFNTIAVL,Human immunodeficiency virus 1,1/2
http://www.iedb.org/epitope/126483,KSLFNTIAVLY,Human immunodeficiency virus 1,6/14
http://www.iedb.org/epitope/126484,KSLFNTVATL,Human immunodeficiency virus 1,3/3
http://www.iedb.org/epitope/126485,KSLFNTVATLY,Human immunodeficiency virus 1,11/21
http://www.iedb.org/epitope/126486,KSLFNTVAVL,Human immunodeficiency virus 1,3/3
http://www.iedb.org/epitope/126487,KSLFNTVAVLY,Human immunodeficiency virus 1,2/12
http://www.iedb.org/epitope/126488,KSLYNTIATLY,Human immunodeficiency virus 1,3/11
http://www.iedb.org/epitope/126489,KSLYNTIAVLY,Human immunodeficiency virus 1,3/10
http://www.iedb.org/epitope/126490,KSLYNTVATL,Human immunodeficiency virus 1,1/2
http://www.iedb.org/epitope/126491,KSLYNTVATLY,Human immunodeficiency virus 1,2/8
http://www.iedb.org/epitope/126492,KSLYNTVAVLY,Human immunodeficiency virus 1,4/10
http://www.iedb.org/epitope/126541,LFNTIATLY,Human immunodeficiency virus 1,0/5
http://www.iedb.org/epitope/126542,LFNTVAVLY,Human immunodeficiency virus 1,0/1
http://www.iedb.org/epitope/126547,LGLNKIVRMY,Human immunodeficiency virus 1,0/1
http://www.iedb.org/epitope/126590,LNTVATLY,Human immunodeficiency virus 1,4/6
http://www.iedb.org/epitope/126637,LVGKLNWASQIY,Human immunodeficiency virus 1,0/1
http://www.iedb.org/epitope/126650,LYNTIATLY,Human immunodeficiency virus 1,0/3
http://www.iedb.org/epitope/126651,LYNTIAVLY,Human immunodeficiency virus 1,0/7
http://www.iedb.org/epitope/126652,LYNTVATLY,Human immunodeficiency virus 1,0/3
http://www.iedb.org/epitope/126653,LYNTVAVLY,Human immunodeficiency virus 1,0/2
http://www.iedb.org/epitope/126760,NLADQLIHL,Human immunodeficiency virus 1,9/9
http://www.iedb.org/epitope/126763,NLGQHIYET,Human immunodeficiency virus 1,5/7
http://www.iedb.org/epitope/126793,NTVATLYCV,Human immunodeficiency virus 1,6/6
http://www.iedb.org/epitope/126795,NVWATHACV,Human immunodeficiency virus type 1 BH10,8/8
http://www.iedb.org/epitope/126993,RSLFNTIATLY,Human immunodeficiency virus 1,6/13
http://www.iedb.org/epitope/126994,RSLFNTIAVLY,Human immunodeficiency virus 1,3/11
http://www.iedb.org/epitope/126995,RSLFNTVATL,Human immunodeficiency virus 1,3/3
http://www.iedb.org/epitope/126996,RSLFNTVATLY,Human immunodeficiency virus 1,8/21
http://www.iedb.org/epitope/126997,RSLFNTVAVLY,Human immunodeficiency virus 1,4/12
http://www.iedb.org/epitope/126999,RSLYNTIATLY,Human immunodeficiency virus 1,5/10
http://www.iedb.org/epitope/127000,RSLYNTIAVLY,Human immunodeficiency virus 1,1/3
http://www.iedb.org/epitope/127001,RSLYNTVATL,Human immunodeficiency virus 1,2/3
http://www.iedb.org/epitope/127002,RSLYNTVATLY,Human immunodeficiency virus 1,3/11
http://www.iedb.org/epitope/127003,RSLYNTVAVL,Human immunodeficiency virus 1,2/2
http://www.iedb.org/epitope/127004,RSLYNTVAVLY,Human immunodeficiency virus 1,3/11
http://www.iedb.org/epitope/127080,SLADQLIHL,Human immunodeficiency virus 1,9/9
http://www.iedb.org/epitope/127082,SLFNTIAVLY,Human immunodeficiency virus 1,2/3
http://www.iedb.org/epitope/127083,SLFNTVATLY,Human immunodeficiency virus 1,3/4
http://www.iedb.org/epitope/127088,SLGQHIYET,Human immunodeficiency virus type 1 (ELI ISOLATE),6/7
http://www.iedb.org/epitope/127089,SLGQYIYET,Human immunodeficiency virus 1,6/8
http://www.iedb.org/epitope/127100,SLVKHHMYV,Human immunodeficiency virus 1,8/8
http://www.iedb.org/epitope/127222,TLYCVHQEI,Human immunodeficiency virus 1,6/14
http://www.iedb.org/epitope/127223,TLYCVHQR,Human immunodeficiency virus 1,1/2
http://www.iedb.org/epitope/127227,TMGAASITL,Human immunodeficiency virus 1,7/8
http://www.iedb.org/epitope/127246,TSTLQEQIGW,Human immunodeficiency virus 1,5/6
http://www.iedb.org/epitope/127320,VLYCVHQEI,Human immunodeficiency virus 1,6/15
http://www.iedb.org/epitope/127321,VLYCVHQRV,Human immunodeficiency virus 1,5/14
http://www.iedb.org/epitope/127388,WMSNGTWNY,Human immunodeficiency virus 1,2/3
http://www.iedb.org/epitope/127439,YIKIFIMIV,Human immunodeficiency virus type 1 (Z-84 ISOLATE),0/5
http://www.iedb.org/epitope/131070,SLFNTVATL,Human immunodeficiency virus 1,5/5
http://www.iedb.org/epitope/138863,KHYMLKHL,Human immunodeficiency virus 1,0/1
http://www.iedb.org/epitope/138932,WPVKVIHT,Human immunodeficiency virus 1,0/1
http://www.iedb.org/epitope/141727,QAISPRTL,Human immunodeficiency virus 1,1/3
http://www.iedb.org/epitope/144120,VVSTQLLLNGSLAEEEVVI,Human immunodeficiency virus 1,0/0
http://www.iedb.org/epitope/144313,GQMVHQAI,Human immunodeficiency virus 1,0/1
http://www.iedb.org/epitope/144314,GQMVHQAIS,Human immunodeficiency virus 1,0/1
http://www.iedb.org/epitope/144315,GQMVHQAISPRT,Human immunodeficiency virus 1,0/1
http://www.iedb.org/epitope/144316,GQMVHQAISPRTL,Human immunodeficiency virus 1,0/1
http://www.iedb.org/epitope/144337,HQAISPRT,Human immunodeficiency virus 1,0/1
http://www.iedb.org/epitope/144342,HQAISPRTL,Human immunodeficiency virus 1,2/2
http://www.iedb.org/epitope/144416,MVHQAISPRT,Human immunodeficiency virus 1,0/1
http://www.iedb.org/epitope/144447,QMVHQAIS,Human immunodeficiency virus 1,0/1
http://www.iedb.org/epitope/144521,VHQAISPR,Human immunodeficiency virus 1,0/1
http://www.iedb.org/epitope/144522,VHQAISPRT,Human immunodeficiency virus 1,0/1
http://www.iedb.org/epitope/144523,VHQAISPRTL,Human immunodeficiency virus 1,0/1
http://www.iedb.org/epitope/145737,DARAYDTEV,Human immunodeficiency virus 1,0/0
http://www.iedb.org/epitope/145746,DPEIVMHSF,Human immunodeficiency virus 1,0/0
http://www.iedb.org/epitope/145801,GPKEPFRDYVDRFYK,Human immunodeficiency virus 1,0/0
http://www.iedb.org/epitope/145921,NPEIVIYQY,Human immunodeficiency virus 1,0/0
http://www.iedb.org/epitope/145923,NPPIPVGEI,Human immunodeficiency virus 1,0/0
http://www.iedb.org/epitope/146401,KSIHLGPGRAFYA,Human immunodeficiency virus 1,0/0
http://www.iedb.org/epitope/146417,LELDKWASL,Human immunodeficiency virus 1,0/0
http://www.iedb.org/epitope/146524,RKRIHIGPGRAFYTT,Human immunodeficiency virus 1,0/0
http://www.iedb.org/epitope/146624,WNWFDITN,Human immunodeficiency virus 1,0/0
http://www.iedb.org/epitope/146625,WNWFDITNW,Human immunodeficiency virus 1,0/0
http://www.iedb.org/epitope/148523,EPIVGAETFY,Human immunodeficiency virus 1,0/1
http://www.iedb.org/epitope/149254,ALDKWAS,Human immunodeficiency virus 1,0/0
http://www.iedb.org/epitope/149255,ALDKWD,Human immunodeficiency virus 1,0/0
http://www.iedb.org/epitope/149256,ALDKWQN,Human immunodeficiency virus 1,0/0
http://www.iedb.org/epitope/149295,ELDHWAS,Human immunodeficiency virus 1,0/0
http://www.iedb.org/epitope/149296,ELDKWAG,Human immunodeficiency virus 1,0/0
http://www.iedb.org/epitope/149297,ELDKWAN,Human immunodeficiency virus 1,0/0
http://www.iedb.org/epitope/149298,ELDKWAS,Human immunodeficiency virus 1,0/0
http://www.iedb.org/epitope/149299,ELDKWKSL,Human immunodeficiency virus 1,0/0
http://www.iedb.org/epitope/149300,ELDKWNSL,Human immunodeficiency virus 1,0/0
http://www.iedb.org/epitope/149301,ELEKWAS,Human immunodeficiency virus 1,0/0
http://www.iedb.org/epitope/149350,KRIHIGPGRAFYTT,HIV-1 M:B_MN,0/0
http://www.iedb.org/epitope/149384,MSLPGRWKPK,Human immunodeficiency virus type 1 BH10,0/0
http://www.iedb.org/epitope/150180,EKNEQELLELDKWASLW,Human immunodeficiency virus 1,0/0
http://www.iedb.org/epitope/150371,LLELDKWASLW,Human immunodeficiency virus 1,0/0
http://www.iedb.org/epitope/150865,KSITIGPGRA,Human immunodeficiency virus type 1 (SF162 ISOLATE),0/0
http://www.iedb.org/epitope/150874,NWFDISKWLWYI,Human immunodeficiency virus type 1 (SF162 ISOLATE),0/0
http://www.iedb.org/epitope/153438,PNNNTRKSIRIQRGPGRAFVTIGKIGNMRQAHC,Human immunodeficiency virus 1,0/0
http://www.iedb.org/epitope/158950,LELDKWAS,HIV-1 M:B,0/0
http://www.iedb.org/epitope/161500,HIGPGRAFYT,HIV-1 M:B_MN,0/0
http://www.iedb.org/epitope/161563,RKSIRIQRGPGRAFVTIG,Human immunodeficiency virus 1 IIIB,0/0
http://www.iedb.org/epitope/162656,KGVRIGPGQA,HIV-1 M:A,0/0
http://www.iedb.org/epitope/162761,KRIHIGPGRA,HIV-1 M:B_MN,0/0
http://www.iedb.org/epitope/162762,KRKRIHIGPGRAFYTTK,HIV-1 M:B_MN,0/0
http://www.iedb.org/epitope/162763,KRKRIHIGPGRAFYTTKN,HIV-1 M:B_MN,0/0
http://www.iedb.org/epitope/162870,LLELDKWA,Human immunodeficiency virus 1,0/0
http://www.iedb.org/epitope/163039,NNTKKSIKIRPRQAFYATNGIIG,HIV-1 M:C,0/0
http://www.iedb.org/epitope/163040,NNTRKSIHLGPGRAFYATGDIIG,HIV-1 M:A,0/0
http://www.iedb.org/epitope/163068,NWFDITNWLWYIR,Human immunodeficiency virus 1,0/0
http://www.iedb.org/epitope/163073,PKLEPWKHP,Human immunodeficiency virus 1,0/0
http://www.iedb.org/epitope/163244,RKRIRVGPGQTVY,HIV-1 M:C,0/0
http://www.iedb.org/epitope/163431,SIKIRPRQAFYA,HIV-1 M:C,0/0
http://www.iedb.org/epitope/163621,TKKGIAIGPGRTLY,Human immunodeficiency virus type 1 (NEW YORK-5 ISOLATE),0/0
http://www.iedb.org/epitope/163687,TRKGIHIGPGRAFYATGQITGD,HIV-1 M:A,0/0
http://www.iedb.org/epitope/163688,TRKSIHLGPGRAFY,HIV-1 M:A,0/0
http://www.iedb.org/epitope/163689,TRKSIRIGPGQAFY,HIV-1 M:C,0/0
http://www.iedb.org/epitope/164136,NWFDITNWLWYIK,Human immunodeficiency virus 1,0/0
http://www.iedb.org/epitope/165218,RYLRDQQLLGI,Human immunodeficiency virus 1,1/1
http://www.iedb.org/epitope/165638,LVCASRELERFAVNPGLLE,Human immunodeficiency virus 1,0/0
http://www.iedb.org/epitope/175628,NWFDIT,Human immunodeficiency virus 1,0/0
http://www.iedb.org/epitope/179863,NEQELLELDKWASLWN,Human immunodeficiency virus 1,0/0
http://www.iedb.org/epitope/179864,NEQELLELDKWASLWNWFDITNWLWYIR,Human immunodeficiency virus 1,0/0
http://www.iedb.org/epitope/179922,WASLWNWFDITN,Human immunodeficiency virus 1,0/0
http://www.iedb.org/epitope/180168,SLFNAVATL,Human immunodeficiency virus 1,0/0
http://www.iedb.org/epitope/180191,SLFNTIATL,Human immunodeficiency virus 1,3/3
http://www.iedb.org/epitope/180233,SLFNTVATV,Human immunodeficiency virus 1,1/1
http://www.iedb.org/epitope/180236,SLFNTVAVL,Human immunodeficiency virus 1,3/3
http://www.iedb.org/epitope/180255,SLFNTVVTL,Human immunodeficiency virus 1,1/1
http://www.iedb.org/epitope/180337,LPPVVAKEI,Human immunodeficiency virus 1,2/2
http://www.iedb.org/epitope/180966,ELRDKKQKVHALFYKLDIV,Human immunodeficiency virus 1,0/0
http://www.iedb.org/epitope/181152,TAFTIPSL,Human immunodeficiency virus 1,0/0
http://www.iedb.org/epitope/181153,TAFTIPSR,Human immunodeficiency virus 1,0/0
http://www.iedb.org/epitope/181154,TAFTIPST,Human immunodeficiency virus 1,0/0
http://www.iedb.org/epitope/181155,TAFTIPSV,Human immunodeficiency virus 1,0/0
http://www.iedb.org/epitope/183363,GGKKKYKL,Human immunodeficiency virus 1,1/1
http://www.iedb.org/epitope/183364,GGKKKYQL,Human immunodeficiency virus 1,1/1
http://www.iedb.org/epitope/183365,GGKKKYRL,Human immunodeficiency virus 1,1/1
http://www.iedb.org/epitope/183366,GGKKRYKL,Human immunodeficiency virus 1,1/1
http://www.iedb.org/epitope/183371,GGRKKYKL,Human immunodeficiency virus 1,1/1
http://www.iedb.org/epitope/184136,KRWIIMGLNK,Human immunodeficiency virus 1,3/3
http://www.iedb.org/epitope/187055,DSRLAFHHM,Human immunodeficiency virus 1,0/0
http://www.iedb.org/epitope/187106,AVRHFPRIW,Human immunodeficiency virus 1,0/0
http://www.iedb.org/epitope/187154,ISKKAKGWF,Human immunodeficiency virus 1,0/0
http://www.iedb.org/epitope/187158,KAFNPEIIPMF,Human immunodeficiency virus 1,1/1
http://www.iedb.org/epitope/187159,KAFSPEVI,Human immunodeficiency virus 1,1/1
http://www.iedb.org/epitope/187160,KAVRLIKFLY,Human immunodeficiency virus 1,0/0
http://www.iedb.org/epitope/187163,KGFNPEVIPMF,Human immunodeficiency virus 1,1/1
http://www.iedb.org/epitope/187167,NCTRPNNNTRKSINIGPGRALYTTGEII,Human immunodeficiency virus type 1 (isolate YU2),0/0
http://www.iedb.org/epitope/187168,NEQELLELDKWASLW,Human immunodeficiency virus 1,0/0
http://www.iedb.org/epitope/187169,NNNTRKSINIGPGRALYTT,Human immunodeficiency virus type 1 (isolate YU2),0/0
http://www.iedb.org/epitope/187181,PQFSLWKR,Human immunodeficiency virus 2,0/0
http://www.iedb.org/epitope/187182,PQITLWQRR,Human immunodeficiency virus 1,0/0
http://www.iedb.org/epitope/187194,SLWNWFDITNWLWYIK,Human immunodeficiency virus 1,0/0
http://www.iedb.org/epitope/188131,EIIGDIRQA,HIV-1 M:B,0/0
http://www.iedb.org/epitope/188249,IGPGRAFYA,Human immunodeficiency virus 1,2/2
http://www.iedb.org/epitope/188250,IGPGRAFYI,Human immunodeficiency virus 1,1/1
http://www.iedb.org/epitope/188252,IGPGRAFYT,Human immunodeficiency virus 1,3/3
http://www.iedb.org/epitope/188253,IGPGRAFYTI,Human immunodeficiency virus 1,2/2
http://www.iedb.org/epitope/188254,IGPGRAFYTT,Human immunodeficiency virus 1,1/2
http://www.iedb.org/epitope/188539,TRKSIHIGPG,HIV-1 M:B,0/0
http://www.iedb.org/epitope/188540,TRKSIRIGPG,Human immunodeficiency virus 1,0/0
http://www.iedb.org/epitope/188929,NPPIPVGELIY,Human immunodeficiency virus 1,0/0
http://www.iedb.org/epitope/189275,SLFNAVAVL,Human immunodeficiency virus 1,0/0
http://www.iedb.org/epitope/189276,SLFNAVVTL,Human immunodeficiency virus 1,1/1
http://www.iedb.org/epitope/189277,SLFNTIAVL,Human immunodeficiency virus 1,9/9
http://www.iedb.org/epitope/189278,SLHNAVAVL,Human immunodeficiency virus 1,1/1
http://www.iedb.org/epitope/189281,SLYNAIATL,Human immunodeficiency virus 1,1/1
http://www.iedb.org/epitope/189282,SLYNAVATL,Human immunodeficiency virus 1,2/2
http://www.iedb.org/epitope/189283,SLYNAVVTL,Human immunodeficiency virus 1,1/1
http://www.iedb.org/epitope/189284,SLYNLVAVL,Human immunodeficiency virus 1,1/2
http://www.iedb.org/epitope/189285,SLYNSVATL,Human immunodeficiency virus 1,1/1
http://www.iedb.org/epitope/189287,SLYNTIAIL,Human immunodeficiency virus 1,1/1
http://www.iedb.org/epitope/189288,SLYNTIATL,Human immunodeficiency virus 1,7/7
http://www.iedb.org/epitope/189289,SLYNTISVL,Human immunodeficiency virus 1,1/1
http://www.iedb.org/epitope/189290,SLYNTITVL,Human immunodeficiency virus 1,1/1
http://www.iedb.org/epitope/189292,SLYNTVAIF,Human immunodeficiency virus 1,0/1
http://www.iedb.org/epitope/189293,SLYNTVAVL,Human immunodeficiency virus 1,3/3
http://www.iedb.org/epitope/189294,SLYNTVSTL,Human immunodeficiency virus 1,1/1
http://www.iedb.org/epitope/189295,SLYNTVVTL,Human immunodeficiency virus 1,1/1
http://www.iedb.org/epitope/189300,SVYNTVATL,Human immunodeficiency virus 1,1/1
http://www.iedb.org/epitope/190826,KSLFNTIATL,Human immunodeficiency virus 1,2/2
http://www.iedb.org/epitope/190827,KSLYNTIATL,Human immunodeficiency virus 1,2/2
http://www.iedb.org/epitope/190828,KSLYNTIAVL,Human immunodeficiency virus 1,1/2
http://www.iedb.org/epitope/190829,KSLYNTVAVL,Human immunodeficiency virus 1,2/2
http://www.iedb.org/epitope/190959,RSLFNTIATL,Human immunodeficiency virus 1,2/2
http://www.iedb.org/epitope/190960,RSLFNTIAVL,Human immunodeficiency virus 1,2/2
http://www.iedb.org/epitope/190961,RSLFNTVAVL,Human immunodeficiency virus 1,1/1
http://www.iedb.org/epitope/190962,RSLYNTIATL,Human immunodeficiency virus 1,1/1
http://www.iedb.org/epitope/190963,RSLYNTIAVL,Human immunodeficiency virus 1,1/1
http://www.iedb.org/epitope/190974,SLFNTIATLY,Human immunodeficiency virus 1,1/1
http://www.iedb.org/epitope/190975,SLFNTVAVLY,Human immunodeficiency virus 1,1/2
http://www.iedb.org/epitope/190978,SLYNTIATLY,Human immunodeficiency virus 1,2/2
http://www.iedb.org/epitope/190979,SLYNTIAVLY,Human immunodeficiency virus 1,1/2
http://www.iedb.org/epitope/190980,SLYNTVATLY,Human immunodeficiency virus 1,1/2
http://www.iedb.org/epitope/190981,SLYNTVAVLY,Human immunodeficiency virus 1,1/2
http://www.iedb.org/epitope/193060,RFPLTFGWCF,Human immunodeficiency virus 1,5/5
http://www.iedb.org/epitope/193071,RYPLTLGWCF,Human immunodeficiency virus 1,2/2
http://www.iedb.org/epitope/193490,KRQEILDLWVY,Human immunodeficiency virus 1,1/1
http://www.iedb.org/epitope/225966,PMFSALSEGAT,Human immunodeficiency virus 1,0/0
http://www.iedb.org/epitope/226168,EQELLELDKWASLW,Human immunodeficiency virus 1,0/0
http://www.iedb.org/epitope/226768,FFVDGAANR,Human immunodeficiency virus 1,1/1
http://www.iedb.org/epitope/230028,NYTPGPGIRF,Human immunodeficiency virus 1,2/2
http://www.iedb.org/epitope/230029,NYTPGPGIRY,Human immunodeficiency virus 1,0/1
http://www.iedb.org/epitope/230030,NYTPGPGTRF,Human immunodeficiency virus 1,2/2
http://www.iedb.org/epitope/230075,VPLDKDFRKY,Human immunodeficiency virus 1,0/1
http://www.iedb.org/epitope/230122,FLKEKGGL,Human immunodeficiency virus 1,0/0
http://www.iedb.org/epitope/230614,AFHHVAREL,Human immunodeficiency virus 1,1/1
http://www.iedb.org/epitope/230792,FSPEVIPMF,Human immunodeficiency virus 1,0/1
http://www.iedb.org/epitope/231025,KAIGTVLV,Human immunodeficiency virus 1,0/1
http://www.iedb.org/epitope/231383,RMYSPVSIL,Human immunodeficiency virus 1,1/4
http://www.iedb.org/epitope/231895,FPRIWLHSL,Human immunodeficiency virus 1,2/2
http://www.iedb.org/epitope/231896,FPRPWLHGL,Human immunodeficiency virus 1,2/2
http://www.iedb.org/epitope/231930,GPSHKARVL,Human immunodeficiency virus 1,1/1
http://www.iedb.org/epitope/231959,HPVHAGPVA,Human immunodeficiency virus 1,2/2
http://www.iedb.org/epitope/231960,HPVQAGPIA,Human immunodeficiency virus 1,2/2
http://www.iedb.org/epitope/231971,IAMESIVIW,Human immunodeficiency virus 1,1/1
http://www.iedb.org/epitope/231990,IPRRIRQGF,Human immunodeficiency virus type 1 (MAL ISOLATE),1/1
http://www.iedb.org/epitope/232004,KIQNFRVYY,Human immunodeficiency virus 1,0/1
http://www.iedb.org/epitope/232022,KRAVGIGAL,Human immunodeficiency virus 1,7/7
http://www.iedb.org/epitope/232226,RPAEPVPLQL,Human immunodeficiency virus 1,1/1
http://www.iedb.org/epitope/232240,RPMTYKAAF,Human immunodeficiency virus 1,2/2
http://www.iedb.org/epitope/232282,SLARRHLAR,Human immunodeficiency virus 1,1/2
http://www.iedb.org/epitope/232348,TPGPGIRYPL,Human immunodeficiency virus 1,1/1
http://www.iedb.org/epitope/232468,YPLTFGWCF,Human immunodeficiency virus 1,1/1
http://www.iedb.org/epitope/233363,GDIR,Human immunodeficiency virus type 1 (JRCSF ISOLATE),0/0
http://www.iedb.org/epitope/236082,ELDKWASLWNWFNITNWLWYIK,Human immunodeficiency virus 1,0/0
http://www.iedb.org/epitope/240886,IFQSSMTKI,Human immunodeficiency virus 1,0/0
http://www.iedb.org/epitope/240887,IKKEKVYLAWVPAHK,Human immunodeficiency virus 1,0/0
http://www.iedb.org/epitope/288104,EVGFPVRPQVPLRPMTFK,Human immunodeficiency virus 1,0/0
http://www.iedb.org/epitope/294287,GATPQDLNTMLNTVGGH,Human immunodeficiency virus 1,0/0
http://www.iedb.org/epitope/302918,GRAFVTIGK,Human immunodeficiency virus 1,4/4
http://www.iedb.org/epitope/347770,NWFDITNWLWYIKLFIMIVGGLV,Human immunodeficiency virus 1,0/0
http://www.iedb.org/epitope/371292,RPQVPLRPM,Human immunodeficiency virus 1,12/12
http://www.iedb.org/epitope/419630,FKRKGGIGGYSAGER,Human immunodeficiency virus 1,0/0
http://www.iedb.org/epitope/419647,FPISPIETVPVKL,Human immunodeficiency virus 1,1/1
http://www.iedb.org/epitope/419704,GSPAIFQSSMTKILE,Human immunodeficiency virus 1,0/0
http://www.iedb.org/epitope/419754,IILGLNK,Human immunodeficiency virus 1,1/1
http://www.iedb.org/epitope/419799,IYKRWIILGLNK,Human immunodeficiency virus 1,1/1
http://www.iedb.org/epitope/419800,IYKRWIILGLNKIVR,Human immunodeficiency virus 1,0/0
http://www.iedb.org/epitope/419838,KNFPISPIETVPVKLK,Human immunodeficiency virus 1,0/0
http://www.iedb.org/epitope/420062,RKGGIGGYSAG,Human immunodeficiency virus 1,1/1
http://www.iedb.org/epitope/420128,RTWKSLVK,Human immunodeficiency virus 1,1/1
http://www.iedb.org/epitope/420187,SPGIWQLD,Human immunodeficiency virus 1,1/1
http://www.iedb.org/epitope/420191,SPIETVPVKL,Human immunodeficiency virus 1,1/1
http://www.iedb.org/epitope/420192,SPIETVPVKLKPGMD,Human immunodeficiency virus 1,0/0
http://www.iedb.org/epitope/420366,WIILGLNKIVRMYSP,Human immunodeficiency virus 1,0/0
http://www.iedb.org/epitope/420379,YKRWIILGLNK,Human immunodeficiency virus 1,1/1
http://www.iedb.org/epitope/420592,DRFYKTLRAEQASQ,Human immunodeficiency virus 1,0/0
http://www.iedb.org/epitope/420671,YTAFTIPSV,Human immunodeficiency virus 1,0/0
http://www.iedb.org/epitope/422522,KVGWAWWTC,Human immunodeficiency virus 2,1/1
http://www.iedb.org/epitope/422848,WIQLGLQKC,Human immunodeficiency virus 2,0/1
http://www.iedb.org/epitope/425283,HIGPGRAFY,Human immunodeficiency virus type 1 (JRCSF ISOLATE),0/0
http://www.iedb.org/epitope/429106,PIDNASYRLISCNTS,Human immunodeficiency virus type 1 (isolate YU2),0/0
http://www.iedb.org/epitope/429125,SSSWETMEKGEIKNC,Human immunodeficiency virus type 1 (isolate YU2),0/0
http://www.iedb.org/epitope/429130,TSIRDKVQKEYALFY,Human immunodeficiency virus type 1 (isolate YU2),0/0
http://www.iedb.org/epitope/433200,WGCSGKLICTT,Human immunodeficiency virus 1,0/0
http://www.iedb.org/epitope/434481,GKAMYAPPIRG,HIV-1 M:B,0/0
http://www.iedb.org/epitope/462116,LRDKKQKVHALFYKLDIV,Human immunodeficiency virus 1,0/0
http://www.iedb.org/epitope/462143,NWFNITNWLWYIK,HIV-1 M:B_HXB2R,0/0
http://www.iedb.org/epitope/462366,IVMHSFNCR,Human immunodeficiency virus 1,2/2
http://www.iedb.org/epitope/506442,KMQKEHALF,Human immunodeficiency virus 1,0/1
http://www.iedb.org/epitope/506510,KRHKEFALF,Human immunodeficiency virus 1,0/1
http://www.iedb.org/epitope/506536,KTQKEYALF,Human immunodeficiency virus 1,0/1
http://www.iedb.org/epitope/507158,MHEDIISLW,Human immunodeficiency virus 1,1/1
http://www.iedb.org/epitope/509090,WHLGQGVSI,Human immunodeficiency virus 1,1/1
http://www.iedb.org/epitope/534740,LELDKWASLWNWFDITNWLWYIK,Human immunodeficiency virus 1,0/0
http://www.iedb.org/epitope/538801,ACQGVGGPAHK,Human immunodeficiency virus 1,0/0
http://www.iedb.org/epitope/538802,ACQGVGGPGHK,Human immunodeficiency virus 1,0/0
http://www.iedb.org/epitope/538803,ACQGVGGPSHK,Human immunodeficiency virus 1,0/0
http://www.iedb.org/epitope/538804,AEQASQEVKNW,Human immunodeficiency virus 1,0/0
http://www.iedb.org/epitope/538808,ALDISHFLK,Human immunodeficiency virus 1,0/0
http://www.iedb.org/epitope/538809,ALDLSHFLK,Human immunodeficiency virus 1,0/0
http://www.iedb.org/epitope/538810,ALDLSHFLR,Human immunodeficiency virus 1,0/0
http://www.iedb.org/epitope/538811,ALDMSHFLK,Human immunodeficiency virus 1,0/0
http://www.iedb.org/epitope/538821,DRFYKVLRA,Human immunodeficiency virus 1,0/0
http://www.iedb.org/epitope/538822,DRFYRTLRA,Human immunodeficiency virus 1,0/0
http://www.iedb.org/epitope/538825,EDMNLPGRW,Human immunodeficiency virus 1,0/0
http://www.iedb.org/epitope/538826,EEMNLPGRW,Human immunodeficiency virus 1,0/0
http://www.iedb.org/epitope/538833,FPVKPQEPLI,Human immunodeficiency virus 1,0/0
http://www.iedb.org/epitope/538834,FPVKPQVPL,Human immunodeficiency virus 1,0/0
http://www.iedb.org/epitope/538835,FPVKPQVPLR,Human immunodeficiency virus 1,0/0
http://www.iedb.org/epitope/538836,FPVKPQVPV,Human immunodeficiency virus 1,0/0
http://www.iedb.org/epitope/538837,FPVKPQVPVR,Human immunodeficiency virus 1,0/0
http://www.iedb.org/epitope/538838,FPVKPQVSL,Human immunodeficiency virus 1,0/0
http://www.iedb.org/epitope/538839,FPVKPRVPL,Human immunodeficiency virus 1,0/0
http://www.iedb.org/epitope/538840,FPVRPQVPLR,Human immunodeficiency virus 1,0/0
http://www.iedb.org/epitope/538841,FPVTPQVPLR,Human immunodeficiency virus 1,0/0
http://www.iedb.org/epitope/538842,FPVTPQVPLT,Human immunodeficiency virus 1,0/0
http://www.iedb.org/epitope/538843,FPVTPQVPV,Human immunodeficiency virus 1,0/0
http://www.iedb.org/epitope/538844,FPVTPRVPL,Human immunodeficiency virus 1,0/0
http://www.iedb.org/epitope/538848,GHKAIGTVL,Human immunodeficiency virus 1,0/0
http://www.iedb.org/epitope/538849,GHKTIGTVL,Human immunodeficiency virus 1,0/0
http://www.iedb.org/epitope/538850,GHKVIGTVL,Human immunodeficiency virus 1,0/0
http://www.iedb.org/epitope/538852,GKKAIGTVL,Human immunodeficiency virus 1,0/0
http://www.iedb.org/epitope/538857,HPKISSEVHI,Human immunodeficiency virus 1,0/0
http://www.iedb.org/epitope/538858,HPRISSEVHI,Human immunodeficiency virus 1,0/0
http://www.iedb.org/epitope/538859,HPRVSSEVHI,Human immunodeficiency virus 1,0/0
http://www.iedb.org/epitope/538860,IATESIVIW,Human immunodeficiency virus 1,0/0
http://www.iedb.org/epitope/538864,ILKAPVHGAY,Human immunodeficiency virus 1,0/0
http://www.iedb.org/epitope/538865,ILKEPVHGAY,Human immunodeficiency virus 1,0/0
http://www.iedb.org/epitope/538866,ILKEPVHGVY,Human immunodeficiency virus 1,0/0
http://www.iedb.org/epitope/538867,ILKESVHGAY,Human immunodeficiency virus 1,0/0
http://www.iedb.org/epitope/538868,ILKETVHGAY,Human immunodeficiency virus 1,0/0
http://www.iedb.org/epitope/538869,ILKKPVHGAY,Human immunodeficiency virus 1,0/0
http://www.iedb.org/epitope/538870,ILREPVHGAY,Human immunodeficiency virus 1,0/0
http://www.iedb.org/epitope/538871,ILREPVHGVY,Human immunodeficiency virus 1,0/0
http://www.iedb.org/epitope/538874,ITTESIVIW,Human immunodeficiency virus 1,0/0
http://www.iedb.org/epitope/538886,KIRLRPGGK,Human immunodeficiency virus 1,0/0
http://www.iedb.org/epitope/538907,KRQDILDLWVY,Human immunodeficiency virus 1,0/0
http://www.iedb.org/epitope/538908,KRWIIIGLHK,Human immunodeficiency virus 1,0/0
http://www.iedb.org/epitope/538911,KYQLKHIVW,Human immunodeficiency virus 1,0/0
http://www.iedb.org/epitope/538912,KYRLKHIVW,Human immunodeficiency virus 1,0/0
http://www.iedb.org/epitope/538930,QIYAGIKVK,Human immunodeficiency virus 1,0/0
http://www.iedb.org/epitope/538931,QIYPGIKVK,Human immunodeficiency virus 1,0/0
http://www.iedb.org/epitope/538932,QIYPGIRVK,Human immunodeficiency virus 1,0/0
http://www.iedb.org/epitope/538935,QRQDILDLWVY,Human immunodeficiency virus 1,0/0
http://www.iedb.org/epitope/538938,RFPLTFGW,Human immunodeficiency virus 1,0/0
http://www.iedb.org/epitope/538941,RIRLRPGGK,Human immunodeficiency virus 1,0/0
http://www.iedb.org/epitope/538942,RKAKIIRDY,Human immunodeficiency virus 1,0/0
http://www.iedb.org/epitope/538943,RKAKILRDY,Human immunodeficiency virus 1,0/0
http://www.iedb.org/epitope/538944,RKAKILRHY,Human immunodeficiency virus 1,0/0
http://www.iedb.org/epitope/538945,RKVKIIRDY,Human immunodeficiency virus 1,0/0
http://www.iedb.org/epitope/538947,RLRPGGKKQ,Human immunodeficiency virus 1,0/0
http://www.iedb.org/epitope/538948,RLRPGGKKR,Human immunodeficiency virus 1,0/0
http://www.iedb.org/epitope/538950,RPAEPVPFQL,Human immunodeficiency virus 1,0/0
http://www.iedb.org/epitope/538951,RPMTFKAAL,Human immunodeficiency virus 1,0/0
http://www.iedb.org/epitope/538952,RPMTFKGAL,Human immunodeficiency virus 1,2/2
http://www.iedb.org/epitope/538953,RPMTYKAAI,Human immunodeficiency virus 1,0/0
http://www.iedb.org/epitope/538954,RPMTYKGAL,Human immunodeficiency virus 1,2/2
http://www.iedb.org/epitope/538955,RPMTYKGAV,Human immunodeficiency virus 1,0/0
http://www.iedb.org/epitope/538956,RPTEPVPFQL,Human immunodeficiency virus 1,0/0
http://www.iedb.org/epitope/538957,RPTEPVPLPL,Human immunodeficiency virus 1,0/0
http://www.iedb.org/epitope/538958,RPTEPVPLQL,Human immunodeficiency virus 1,0/0
http://www.iedb.org/epitope/538960,RSAEPVPLQL,Human immunodeficiency virus type 1 BH10,0/0
http://www.iedb.org/epitope/538962,RYPLCFGW,Human immunodeficiency virus 1,0/0
http://www.iedb.org/epitope/538969,SPAIFQASM,Human immunodeficiency virus 1,0/0
http://www.iedb.org/epitope/538970,SPAIFQCSM,Human immunodeficiency virus 1,0/0
http://www.iedb.org/epitope/538977,TIYYGVPVWK,Human immunodeficiency virus 1,0/0
http://www.iedb.org/epitope/538978,TIYYGVPVWR,HIV-1 M:B_89.6,0/0
http://www.iedb.org/epitope/538980,TLYCVHQK,Human immunodeficiency virus 1,0/0
http://www.iedb.org/epitope/538981,TMYCVHQK,Human immunodeficiency virus 1,0/0
http://www.iedb.org/epitope/538982,TPGPGTRFPL,Human immunodeficiency virus 1,0/0
http://www.iedb.org/epitope/538983,TPGPGTRYPL,Human immunodeficiency virus 1,0/0
http://www.iedb.org/epitope/538984,TPGPGVRFPL,Human immunodeficiency virus type 1 (SF33 ISOLATE),0/0
http://www.iedb.org/epitope/538985,TPGPGVRLPL,Human immunodeficiency virus 1,0/0
http://www.iedb.org/epitope/538986,TPGPGVRWPL,Human immunodeficiency virus 1,0/0
http://www.iedb.org/epitope/538988,TVHYGVPVWR,Human immunodeficiency virus 1,0/0
http://www.iedb.org/epitope/538989,TVYYGVPAGR,Human immunodeficiency virus 1,0/0
http://www.iedb.org/epitope/538993,VLYCVHQR,Human immunodeficiency virus 1,0/0
http://www.iedb.org/epitope/541298,AVGIGAVFL,Human immunodeficiency virus 1,0/0
http://www.iedb.org/epitope/541782,ELDKWASLW,Human immunodeficiency virus 1,0/0
http://www.iedb.org/epitope/544614,QQEKNEQELLELDKWASLWN,Human immunodeficiency virus 1,0/0
http://www.iedb.org/epitope/546742,LIEESQNQQEKNEQELLELDKWAS,Human immunodeficiency virus 1,0/0
http://www.iedb.org/epitope/547675,NRAQQGSGQPFAPRTYF,"Human immunodeficiency virus type 2 (ISOLATE D205,7)",0/0
http://www.iedb.org/epitope/548823,RTLNAWVKV,Human immunodeficiency virus 1,0/0
http://www.iedb.org/epitope/558003,AFSPEVIPMFSALSEGATPQDL,Human immunodeficiency virus 1,0/0
http://www.iedb.org/epitope/558048,EVIPMFSALSEGATP,Human immunodeficiency virus 1,0/0
http://www.iedb.org/epitope/558067,FSPEVIPMFSALSEGATP,Human immunodeficiency virus 1,0/0
http://www.iedb.org/epitope/558122,PEVIPMFSALSEGATPQ,Human immunodeficiency virus 1,0/0
http://www.iedb.org/epitope/558123,PEVIPMFSALSEGATPQD,Human immunodeficiency virus 1,0/0
http://www.iedb.org/epitope/558159,QASQDVKNW,Human immunodeficiency virus 1,1/1
http://www.iedb.org/epitope/566228,DRFYKTLRAEQASQEV,Human immunodeficiency virus 1,0/0
http://www.iedb.org/epitope/566338,LNKIVRMYSPTSILD,Human immunodeficiency virus 1,0/0
http://www.iedb.org/epitope/566698,IWGCSGKLICTTAVP,Human immunodeficiency virus 1,0/0
http://www.iedb.org/epitope/571484,DKWASLWNWFNITNWLWYIKLFIMIVG,Human immunodeficiency virus 1,0/0
http://www.iedb.org/epitope/594069,AGTTSTLQEQIGW,Human immunodeficiency virus 1,1/1
http://www.iedb.org/epitope/594882,DIAGTTSTLQEQIGW,Human immunodeficiency virus 1,1/1
http://www.iedb.org/epitope/595050,EQASQEVKNW,Human immunodeficiency virus 1,1/1
http://www.iedb.org/epitope/595926,GTTSTLQEQIGW,Human immunodeficiency virus 1,1/1
http://www.iedb.org/epitope/601752,SDIAGTTSTLQEQIGW,Human immunodeficiency virus 1,1/1
http://www.iedb.org/epitope/602746,TSNLQEQIGW,Human immunodeficiency virus 1,2/2
http://www.iedb.org/epitope/602874,TTSTLQEQIGW,Human immunodeficiency virus 1,1/1
http://www.iedb.org/epitope/604332,CTERQANFL,Human immunodeficiency virus 1,2/2
http://www.iedb.org/epitope/604455,IIEQIQPAI,Human immunodeficiency virus 1,2/2
http://www.iedb.org/epitope/604531,LLETPEGCL,Human immunodeficiency virus 1,2/2
http://www.iedb.org/epitope/604576,NNTRKSIRIGPGQTFYATGDIIG,HIV-1 M:A,0/0
http://www.iedb.org/epitope/604620,RAEQATQDV,Human immunodeficiency virus 1,2/2
http://www.iedb.org/epitope/604714,TQDVKNWMT,Human immunodeficiency virus 1,2/2
http://www.iedb.org/epitope/604752,YNKRKRIHIGPGRAFYTTKNIIG,HIV-1 M:B_MN,0/0
http://www.iedb.org/epitope/606537,TRPNNNTRKSIRIGPGQAFYATG,Human immunodeficiency virus 1,0/0
http://www.iedb.org/epitope/653797,YTSLIHSLIEESQNQQEKNEQELLELDKWASLWNWF,Human immunodeficiency virus 1,0/0
http://www.iedb.org/epitope/688897,ELDKWASLWNWFDITNWLWYIR,Human immunodeficiency virus 1,0/0
http://www.iedb.org/epitope/689174,WNWFDITNWLWYIR,Human immunodeficiency virus 1,0/0
http://www.iedb.org/epitope/692175,SAEPVPLQL,Human immunodeficiency virus type 1 BH10,3/3
http://www.iedb.org/epitope/735207,RLRPGGKK,Human immunodeficiency virus 1,0/0
http://www.iedb.org/epitope/735222,RQDILDLWI,Human immunodeficiency virus 1,0/0
http://www.iedb.org/epitope/735787,EKAFSPEVIPMFSALSEGAT,Human immunodeficiency virus 1,0/0
http://www.iedb.org/epitope/735788,FRDYVDRFYKTLRAEQASQE,Human immunodeficiency virus 1,0/0
http://www.iedb.org/epitope/745234,HIGPGRAFYTTGEI,Human immunodeficiency virus 1,0/0
http://www.iedb.org/epitope/745235,HIGPGRAFYTTKNII,HIV-1 M:B_MN,0/0
http://www.iedb.org/epitope/745314,RAFSPEVIPMF,Human immunodeficiency virus 1,0/0
http://www.iedb.org/epitope/745403,TRKSIHIGPGRAF,Human immunodeficiency virus 1,0/0
http://www.iedb.org/epitope/745647,SLWNWFDITKWLWYIK,Human immunodeficiency virus 1,0/0
http://www.iedb.org/epitope/761530,KAYDTEVHNVW,Human immunodeficiency virus 1,3/3
http://www.iedb.org/epitope/762022,KSLEQIWNNMTW,Human immunodeficiency virus 1,2/2
http://www.iedb.org/epitope/764524,RVKEKYQHLW,Human immunodeficiency virus 1,4/4
http://www.iedb.org/epitope/764525,RVKEKYQHLWRW,Human immunodeficiency virus 1,2/2
http://www.iedb.org/epitope/768066,IAKEPVHGV,Human immunodeficiency virus 1,1/1
http://www.iedb.org/epitope/768068,ILKEPVHGA,Human immunodeficiency virus 1,1/1
http://www.iedb.org/epitope/769719,QVPLRPMTYKA,Human immunodeficiency virus 1,1/1
http://www.iedb.org/epitope/769720,QVPLRPMTYKG,Human immunodeficiency virus 1,1/1
http://www.iedb.org/epitope/769721,RLIDRLIERA,Human immunodeficiency virus 1,1/1
http://www.iedb.org/epitope/780025,KKGIAIGPGRTLYA,Human immunodeficiency virus type 1 (NEW YORK-5 ISOLATE),0/0
http://www.iedb.org/epitope/780125,RKRIHIGPGRAFYT,HIV-1 M:B_MN,0/0
http://www.iedb.org/epitope/780270,AVGIGAVF,Human immunodeficiency virus 1,0/0
http://www.iedb.org/epitope/780369,VPLTEDAEL,Human immunodeficiency virus 1,1/1
http://www.iedb.org/epitope/841097,KAAFDLSFF,Human immunodeficiency virus 1,1/1
http://www.iedb.org/epitope/841199,RMYSPTSIL,Human immunodeficiency virus 1,0/0
http://www.iedb.org/epitope/841202,RPQVPLRPMTY,Human immunodeficiency virus 1,1/1
http://www.iedb.org/epitope/848024,RDKVQKEYALFYKLD,Human immunodeficiency virus type 1 (JRCSF ISOLATE),0/0
http://www.iedb.org/epitope/858311,IRLRPGGKK,Human immunodeficiency virus 1,2/2
http://www.iedb.org/epitope/858315,RRQDILDLWI,Human immunodeficiency virus 1,2/2
http://www.iedb.org/epitope/858680,RDKKQKAYALFYRPD,Human immunodeficiency virus 1,0/0
http://www.iedb.org/epitope/858681,RDKKQKAYALFYRPDVV,Human immunodeficiency virus 1,0/0
http://www.iedb.org/epitope/863001,RLRPGGKKKYKL,Human immunodeficiency virus 1,1/1
http://www.iedb.org/epitope/863965,ELRDKKQKAYALFYRPDVV,Human immunodeficiency virus 1,0/0
http://www.iedb.org/epitope/886748,AVGLGAVFLG,Human immunodeficiency virus 1,0/0
http://www.iedb.org/epitope/924851,AVSRDLEKHGA,Human immunodeficiency virus 1,1/1
http://www.iedb.org/epitope/925001,DAKLVITTY,Human immunodeficiency virus 1,2/2
http://www.iedb.org/epitope/925002,DAKLVVTTY,HIV-1 M:B,1/1
http://www.iedb.org/epitope/925255,EAKLVITTY,HIV-1 M:B,1/1
http://www.iedb.org/epitope/925787,FLGKIWPSH,Human immunodeficiency virus 1,1/3
http://www.iedb.org/epitope/925997,FSVPLDKDF,Human immunodeficiency virus 1,2/2
http://www.iedb.org/epitope/925998,FSVPLDKEF,HIV-1 M:B,1/1
http://www.iedb.org/epitope/926940,IKKGLGISY,HIV-1 M:B,1/1
http://www.iedb.org/epitope/926955,ILKEPVHGVYY,Human immunodeficiency virus 1,2/3
http://www.iedb.org/epitope/927171,KAAVDLSHF,Human immunodeficiency virus 1,1/1
http://www.iedb.org/epitope/927614,KGALDLSHF,HIV-1 M:B,0/2
http://www.iedb.org/epitope/928583,LGKIWPSH,Human immunodeficiency virus 1,1/3
http://www.iedb.org/epitope/928949,MARELHPEY,HIV-1 M:B,1/1
http://www.iedb.org/epitope/929080,MSQVTNPATIM,Human immunodeficiency virus 1,2/2
http://www.iedb.org/epitope/929081,MSQVTNPTTIM,HIV-1 M:B,1/1
http://www.iedb.org/epitope/929082,MSQVTNSATIM,HIV-1 M:B,0/2
http://www.iedb.org/epitope/929083,MSQVTNSTTIM,HIV-1 M:B,0/1
http://www.iedb.org/epitope/929095,MTKALGISY,Human immunodeficiency virus 1,2/2
http://www.iedb.org/epitope/929373,NNTRKSIRIGPGQAFYATGGIIG,Human immunodeficiency virus 1,0/0
http://www.iedb.org/epitope/929374,NNTRKSVRIGPGQAFYAT,Human immunodeficiency virus 1,0/0
http://www.iedb.org/epitope/929933,RAIEAQQHM,HIV-1 M:B,1/1
http://www.iedb.org/epitope/931783,TKKGLGISY,HIV-1 M:B,0/1
http://www.iedb.org/epitope/932195,VARELHPEY,Human immunodeficiency virus 1,1/1
http://www.iedb.org/epitope/932196,VARELHPEYF,Human immunodeficiency virus 1,1/1
http://www.iedb.org/epitope/932243,VAVHVASGY,Human immunodeficiency virus 1,2/2
http://www.iedb.org/epitope/932515,VSAGIRKVL,Human immunodeficiency virus 1,2/2
http://www.iedb.org/epitope/932563,VSNGIRKVL,HIV-1 M:B,1/1
http://www.iedb.org/epitope/932621,VTIGKIGNM,Human immunodeficiency virus 1,1/1
http://www.iedb.org/epitope/932651,VTNPATIM,Human immunodeficiency virus 1,2/2
http://www.iedb.org/epitope/932653,VTNPTTIM,HIV-1 M:B,1/1
http://www.iedb.org/epitope/932654,VTNSATIM,HIV-1 M:B,1/1
http://www.iedb.org/epitope/932655,VTNSTTIM,HIV-1 M:B,1/1
http://www.iedb.org/epitope/933335,AVERYLKDQQLLGIW,HIV-1 M:B_HXB2R,0/0
http://www.iedb.org/epitope/933394,IRIGPGQT,HIV-1 M:C,0/0
http://www.iedb.org/epitope/954662,KLTPLCVSL,Human immunodeficiency virus type 1 BH10,1/1
http://www.iedb.org/epitope/955156,NWFDITNWLWYIKLFIMIV,Human immunodeficiency virus 1,0/0
http://www.iedb.org/epitope/990215,LRDKKQKVHALFYKLDIVPIED,Human immunodeficiency virus 1,0/0
http://www.iedb.org/epitope/1064014,HTQGYFPDW,Human immunodeficiency virus 1,0/0
http://www.iedb.org/epitope/1064217,KAALDLSHF,Human immunodeficiency virus 1,0/0
http://www.iedb.org/epitope/1064370,KSALDLSHF,Human immunodeficiency virus 1,0/0
http://www.iedb.org/epitope/1064855,NTQGYFPDW,Human immunodeficiency virus 1,0/0
http://www.iedb.org/epitope/1065502,TSTLAEQIAW,Human immunodeficiency virus 1,0/0
http://www.iedb.org/epitope/1065503,TSTLAEQMAW,Human immunodeficiency virus 1,0/0
http://www.iedb.org/epitope/1065504,TSTLAEQVAW,Human immunodeficiency virus 1,0/0
http://www.iedb.org/epitope/1065505,TSTLSEQVAW,Human immunodeficiency virus 1,0/0
http://www.iedb.org/epitope/1065506,TSTLTEQIAW,Human immunodeficiency virus 1,0/0
http://www.iedb.org/epitope/1065507,TSTLTEQVAW,Human immunodeficiency virus 1,0/0
http://www.iedb.org/epitope/1189758,ARCQIAGTVVSTQLF,Human immunodeficiency virus 1,0/0
http://www.iedb.org/epitope/1289643,TRQGGYSNDNTVIFR,Human immunodeficiency virus 1,0/0
http://www.iedb.org/epitope/1307815,AISPRTLNA,Human immunodeficiency virus 1,0/1
http://www.iedb.org/epitope/1307977,ILVESPTIL,Human immunodeficiency virus 1,0/0
http://www.iedb.org/epitope/1308039,KQPTSQPRG,Human immunodeficiency virus 1,0/0
http://www.iedb.org/epitope/1311666,EKIKALVEI,Human immunodeficiency virus 1,0/1
http://www.iedb.org/epitope/1311708,IHNFKRKGG,Human immunodeficiency virus 1,0/1
http://www.iedb.org/epitope/1311768,MYSPVSILD,Human immunodeficiency virus 1,1/1
http://www.iedb.org/epitope/1311769,NEEAAEWDR,Human immunodeficiency virus 1,0/1
http://www.iedb.org/epitope/1311783,PEIVIYDYM,Human immunodeficiency virus 1,0/1
http://www.iedb.org/epitope/1311794,QMAVFIHNF,Human immunodeficiency virus 1,0/1
http://www.iedb.org/epitope/1311808,RIRTWKSLV,Human immunodeficiency virus 1,0/1
http://www.iedb.org/epitope/1311867,TALSEGATP,Human immunodeficiency virus 1,0/1
http://www.iedb.org/epitope/1311942,YFSVPLDEG,Human immunodeficiency virus 1,0/1
http://www.iedb.org/epitope/2218534,MEPVDPRLEPWKHPGSQPKT,Human immunodeficiency virus type 1 BH10,0/0
http://www.iedb.org/epitope/2218570,SYGRKKRRQRRRPPQ,Human immunodeficiency virus type 1 BH10,0/0
http://www.iedb.org/epitope/2224015,IIIGALVGV,Human immunodeficiency virus 1,0/0
http://www.iedb.org/epitope/2265677,LQPSLQTGSEELRSLYNTVATLYCVHQRIE,Human immunodeficiency virus 1,0/0
